"Country ofNationality","Arrivals(in numbers)","1st quarter(Jan-March)","2nd quarter(Apr-June)","3rd quarter(July-Sep)","4th quarter(Oct-Dec)",2.4 MODE OF TRAVEL OF FTAs IN INDIA,Table Name,YEAR,ARRIVELS,Gender Distribution (%),Unnamed: 0,Unnamed: 1,Country of Nationality,Total (In Numbers),Female,Male,"Total (InNumber)",0-14,15-24,25-34,35-44,45-54,55-64,"65 AndAbove",2.8 FTAs IN INDIA ACCORDING TO PURPOSE,"Arrivals(innumbers)","BusinessandProfessional","IndianDiaspora","LeisureHolidayandRecreation",Medical,Student,Others,"Businessandrofessional",Purpose,Visa Type,2.9       AVERAGE DURATION OF STAY OF FOREIGN TOURIST ARRIVALS IN INDIA,Total (in numbers),"Average Durationof stay (in days)","Total (innumbers)","0-1Days","2-3Days","4-7Days","1-2Weeks","2-4Weeks",">1Month","NotKnown",2.10 TOP 15 SOURCE COUNTRIES FOR FTAs IN INDIA,Rank,Country,"FTAs inIndia in2020","%Sharein 2020",Rank.1,Country.1,"FTAs inIndia in2021","%Sharein 2021"
North America,,,,,,,Table 2.3.4,,,,,,,,,,,,,,,,,,,,,,,,,,,,,,,,,,,,,,,,,,,,,,,,
Canada,80437.0,20.7,5.9,11.9,61.4,,Table 2.3.4,,,,,,,,,,,,,,,,,,,,,,,,,,,,,,,,,,,,,,,,,,,,,,,,
"United StatesOf America",429860.0,16.0,9.5,20.2,54.2,,Table 2.3.4,,,,,,,,,,,,,,,,,,,,,,,,,,,,,,,,,,,,,,,,,,,,,,,,
Others,2.0,0.0,0.0,50.0,50.0,,Table 2.3.4,,,,,,,,,,,,,,,,,,,,,,,,,,,,,,,,,,,,,,,,,,,,,,,,
Total,510299.0,16.7,9.0,18.9,55.4,,Table 2.3.4,,,,,,,,,,,,,,,,,,,,,,,,,,,,,,,,,,,,,,,,,,,,,,,,
Central and South America,,,,,,,Table 2.3.4,,,,,,,,,,,,,,,,,,,,,,,,,,,,,,,,,,,,,,,,,,,,,,,,
Argentina,530.0,22.6,10.4,20.0,47.0,,Table 2.3.4,,,,,,,,,,,,,,,,,,,,,,,,,,,,,,,,,,,,,,,,,,,,,,,,
Brazil,2055.0,28.7,14.1,19.7,37.5,,Table 2.3.4,,,,,,,,,,,,,,,,,,,,,,,,,,,,,,,,,,,,,,,,,,,,,,,,
Mexico,859.0,22.1,13.3,20.0,44.6,,Table 2.3.4,,,,,,,,,,,,,,,,,,,,,,,,,,,,,,,,,,,,,,,,,,,,,,,,
Others,3354.0,22.3,11.3,18.9,47.5,,Table 2.3.4,,,,,,,,,,,,,,,,,,,,,,,,,,,,,,,,,,,,,,,,,,,,,,,,
Total,6798.0,24.2,12.3,19.4,44.1,,Table 2.3.4,,,,,,,,,,,,,,,,,,,,,,,,,,,,,,,,,,,,,,,,,,,,,,,,
Western Europe,,,,,,,Table 2.3.4,,,,,,,,,,,,,,,,,,,,,,,,,,,,,,,,,,,,,,,,,,,,,,,,
Austria,4411.0,23.0,9.1,22.2,45.7,,Table 2.3.4,,,,,,,,,,,,,,,,,,,,,,,,,,,,,,,,,,,,,,,,,,,,,,,,
Belgium,7382.0,18.6,9.1,26.2,46.0,,Table 2.3.4,,,,,,,,,,,,,,,,,,,,,,,,,,,,,,,,,,,,,,,,,,,,,,,,
Denmark,2025.0,17.6,6.4,26.2,49.8,,Table 2.3.4,,,,,,,,,,,,,,,,,,,,,,,,,,,,,,,,,,,,,,,,,,,,,,,,
Finland,1329.0,15.9,8.1,17.2,58.8,,Table 2.3.4,,,,,,,,,,,,,,,,,,,,,,,,,,,,,,,,,,,,,,,,,,,,,,,,
France,30374.0,20.7,11.8,29.1,38.4,,Table 2.3.4,,,,,,,,,,,,,,,,,,,,,,,,,,,,,,,,,,,,,,,,,,,,,,,,
Germany,33772.0,22.3,9.8,23.4,44.5,,Table 2.3.4,,,,,,,,,,,,,,,,,,,,,,,,,,,,,,,,,,,,,,,,,,,,,,,,
Greece,1144.0,23.6,18.7,18.3,39.4,,Table 2.3.4,,,,,,,,,,,,,,,,,,,,,,,,,,,,,,,,,,,,,,,,,,,,,,,,
Ireland,7600.0,16.2,8.4,21.6,53.8,,Table 2.3.4,,,,,,,,,,,,,,,,,,,,,,,,,,,,,,,,,,,,,,,,,,,,,,,,
Italy,13659.0,24.8,9.0,16.6,49.6,,Table 2.3.4,,,,,,,,,,,,,,,,,,,,,,,,,,,,,,,,,,,,,,,,,,,,,,,,
Netherlands,15631.0,20.2,13.0,23.4,43.4,,Table 2.3.4,,,,,,,,,,,,,,,,,,,,,,,,,,,,,,,,,,,,,,,,,,,,,,,,
Norway,2790.0,15.7,7.5,16.6,60.2,,Table 2.3.4,,,,,,,,,,,,,,,,,,,,,,,,,,,,,,,,,,,,,,,,,,,,,,,,
Portugal,32064.0,24.7,13.0,19.4,43.0,,Table 2.3.4,,,,,,,,,,,,,,,,,,,,,,,,,,,,,,,,,,,,,,,,,,,,,,,,
Spain,6982.0,24.3,10.2,21.2,44.3,,Table 2.3.4,,,,,,,,,,,,,,,,,,,,,,,,,,,,,,,,,,,,,,,,,,,,,,,,
Sweden,5579.0,14.5,7.8,18.4,59.2,,Table 2.3.4,,,,,,,,,,,,,,,,,,,,,,,,,,,,,,,,,,,,,,,,,,,,,,,,
Switzerland,4198.0,17.4,8.5,21.0,53.1,,Table 2.3.4,,,,,,,,,,,,,,,,,,,,,,,,,,,,,,,,,,,,,,,,,,,,,,,,
United Kingdom,164143.0,14.5,5.3,23.1,57.1,,Table 2.3.4,,,,,,,,,,,,,,,,,,,,,,,,,,,,,,,,,,,,,,,,,,,,,,,,
Others,1767.0,23.3,12.8,22.4,41.5,,Table 2.3.4,,,,,,,,,,,,,,,,,,,,,,,,,,,,,,,,,,,,,,,,,,,,,,,,
Total,334850.0,18.1,8.1,22.9,50.9,,Table 2.3.4,,,,,,,,,,,,,,,,,,,,,,,,,,,,,,,,,,,,,,,,,,,,,,,,
Eastern Europe,,,,,,,Table 2.3.4,,,,,,,,,,,,,,,,,,,,,,,,,,,,,,,,,,,,,,,,,,,,,,,,
Czech,983.0,29.8,8.4,25.4,36.3,,Table 2.3.4,,,,,,,,,,,,,,,,,,,,,,,,,,,,,,,,,,,,,,,,,,,,,,,,
Hungury,653.0,22.4,9.6,22.2,45.8,,Table 2.3.4,,,,,,,,,,,,,,,,,,,,,,,,,,,,,,,,,,,,,,,,,,,,,,,,
Kazakhstan,2378.0,9.1,4.7,6.7,79.5,,Table 2.3.4,,,,,,,,,,,,,,,,,,,,,,,,,,,,,,,,,,,,,,,,,,,,,,,,
Poland,2461.0,20.3,14.9,22.5,42.3,,Table 2.3.4,,,,,,,,,,,,,,,,,,,,,,,,,,,,,,,,,,,,,,,,,,,,,,,,
Russian Federation,17567.0,16.3,12.0,21.4,50.3,,Table 2.3.4,,,,,,,,,,,,,,,,,,,,,,,,,,,,,,,,,,,,,,,,,,,,,,,,
Ukraine,5197.0,22.1,12.6,23.0,42.3,,Table 2.3.4,,,,,,,,,,,,,,,,,,,,,,,,,,,,,,,,,,,,,,,,,,,,,,,,
Others,13875.0,26.4,15.8,20.7,37.1,,Table 2.3.4,,,,,,,,,,,,,,,,,,,,,,,,,,,,,,,,,,,,,,,,,,,,,,,,
Total,43114.0,20.5,12.9,20.8,45.9,,Table 2.3.4,,,,,,,,,,,,,,,,,,,,,,,,,,,,,,,,,,,,,,,,,,,,,,,,
Africa,,,,,,,Table 2.3.4,,,,,,,,,,,,,,,,,,,,,,,,,,,,,,,,,,,,,,,,,,,,,,,,
Egypt,1739.0,28.5,14.4,17.3,39.8,,Table 2.3.4,,,,,,,,,,,,,,,,,,,,,,,,,,,,,,,,,,,,,,,,,,,,,,,,
Kenya,13373.0,23.4,8.6,16.7,51.3,,Table 2.3.4,,,,,,,,,,,,,,,,,,,,,,,,,,,,,,,,,,,,,,,,,,,,,,,,
Mauritius,2118.0,22.0,9.0,19.2,49.8,,Table 2.3.4,,,,,,,,,,,,,,,,,,,,,,,,,,,,,,,,,,,,,,,,,,,,,,,,
Nigeria,5516.0,38.5,16.5,16.7,28.3,,Table 2.3.4,,,,,,,,,,,,,,,,,,,,,,,,,,,,,,,,,,,,,,,,,,,,,,,,
South Africa,3820.0,73.2,42.5,68.9,35.8,,Table 2.3.4,,,,,,,,,,,,,,,,,,,,,,,,,,,,,,,,,,,,,,,,,,,,,,,,
Sudan,6781.0,34.5,13.8,17.6,34.2,,Table 2.3.4,,,,,,,,,,,,,,,,,,,,,,,,,,,,,,,,,,,,,,,,,,,,,,,,
Tanzania,6480.0,29.3,8.2,18.2,44.2,,Table 2.3.4,,,,,,,,,,,,,,,,,,,,,,,,,,,,,,,,,,,,,,,,,,,,,,,,
Others,29087.0,26.9,13.1,23.1,36.9,,Table 2.3.4,,,,,,,,,,,,,,,,,,,,,,,,,,,,,,,,,,,,,,,,,,,,,,,,
Total,68914.0,27.9,12.1,20.1,39.8,,Table 2.3.4,,,,,,,,,,,,,,,,,,,,,,,,,,,,,,,,,,,,,,,,,,,,,,,,
West Asia,,,,,,,Table 2.3.4,,,,,,,,,,,,,,,,,,,,,,,,,,,,,,,,,,,,,,,,,,,,,,,,
Bahrain,1727.0,22.3,9.3,19.1,49.4,,Table 2.3.4,,,,,,,,,,,,,,,,,,,,,,,,,,,,,,,,,,,,,,,,,,,,,,,,
Iraq,16213.0,35.5,13.4,18.6,32.5,,Table 2.3.4,,,,,,,,,,,,,,,,,,,,,,,,,,,,,,,,,,,,,,,,,,,,,,,,
Israel,4601.0,18.3,12.0,16.5,53.2,,Table 2.3.4,,,,,,,,,,,,,,,,,,,,,,,,,,,,,,,,,,,,,,,,,,,,,,,,
Oman,10174.0,23.6,6.5,16.9,53.0,,Table 2.3.4,,,,,,,,,,,,,,,,,,,,,,,,,,,,,,,,,,,,,,,,,,,,,,,,
Saudi Arabia,1088.0,22.8,8.9,22.6,45.7,,Table 2.3.4,,,,,,,,,,,,,,,,,,,,,,,,,,,,,,,,,,,,,,,,,,,,,,,,
Turkey,3710.0,27.4,21.0,19.8,31.9,,Table 2.3.4,,,,,,,,,,,,,,,,,,,,,,,,,,,,,,,,,,,,,,,,,,,,,,,,
"United ArabEmirates",3927.0,16.0,7.8,6.2,69.9,,Table 2.3.4,,,,,,,,,,,,,,,,,,,,,,,,,,,,,,,,,,,,,,,,,,,,,,,,
Yemen,6235.0,29.0,11.8,17.0,42.2,,Table 2.3.4,,,,,,,,,,,,,,,,,,,,,,,,,,,,,,,,,,,,,,,,,,,,,,,,
Others,4499.0,29.8,12.2,16.4,41.6,,Table 2.3.4,,,,,,,,,,,,,,,,,,,,,,,,,,,,,,,,,,,,,,,,,,,,,,,,
Total,52174.0,27.6,11.5,16.9,43.9,,Table 2.3.4,,,,,,,,,,,,,,,,,,,,,,,,,,,,,,,,,,,,,,,,,,,,,,,,
South Asia,,,,,,,Table 2.3.4,,,,,,,,,,,,,,,,,,,,,,,,,,,,,,,,,,,,,,,,,,,,,,,,
Afghanistan,36451.0,57.3,24.8,17.4,0.5,,Table 2.3.4,,,,,,,,,,,,,,,,,,,,,,,,,,,,,,,,,,,,,,,,,,,,,,,,
Bangladesh,240554.0,34.3,4.7,11.2,49.8,,Table 2.3.4,,,,,,,,,,,,,,,,,,,,,,,,,,,,,,,,,,,,,,,,,,,,,,,,
Bhutan,6081.0,23.7,10.4,25.4,40.4,,Table 2.3.4,,,,,,,,,,,,,,,,,,,,,,,,,,,,,,,,,,,,,,,,,,,,,,,,
Iran,2369.0,27.8,10.8,16.8,44.6,,Table 2.3.4,,,,,,,,,,,,,,,,,,,,,,,,,,,,,,,,,,,,,,,,,,,,,,,,
Maldives,26571.0,15.0,6.5,19.6,58.9,,Table 2.3.4,,,,,,,,,,,,,,,,,,,,,,,,,,,,,,,,,,,,,,,,,,,,,,,,
Nepal,52544.0,28.8,12.8,22.3,36.1,,Table 2.3.4,,,,,,,,,,,,,,,,,,,,,,,,,,,,,,,,,,,,,,,,,,,,,,,,
Pakistan,8163.0,31.4,6.8,17.7,44.0,,Table 2.3.4,,,,,,,,,,,,,,,,,,,,,,,,,,,,,,,,,,,,,,,,,,,,,,,,
Sri Lanka,25989.0,7.0,3.2,11.1,78.7,,Table 2.3.4,,,,,,,,,,,,,,,,,,,,,,,,,,,,,,,,,,,,,,,,,,,,,,,,
Total,398722.0,32.3,7.8,14.2,45.7,,Table 2.3.4,,,,,,,,,,,,,,,,,,,,,,,,,,,,,,,,,,,,,,,,,,,,,,,,
South East Asia,,,,,,,Table 2.3.4,,,,,,,,,,,,,,,,,,,,,,,,,,,,,,,,,,,,,,,,,,,,,,,,
Indonesia,2105.0,26.1,13.3,21.2,39.4,,Table 2.3.4,,,,,,,,,,,,,,,,,,,,,,,,,,,,,,,,,,,,,,,,,,,,,,,,
Malaysia,6628.0,21.6,11.7,7.1,59.6,,Table 2.3.4,,,,,,,,,,,,,,,,,,,,,,,,,,,,,,,,,,,,,,,,,,,,,,,,
Myanmar,3013.0,18.0,10.5,21.1,50.4,,Table 2.3.4,,,,,,,,,,,,,,,,,,,,,,,,,,,,,,,,,,,,,,,,,,,,,,,,
Phillippines,6927.0,28.0,9.8,18.8,43.3,,Table 2.3.4,,,,,,,,,,,,,,,,,,,,,,,,,,,,,,,,,,,,,,,,,,,,,,,,
Singapore,13407.0,11.2,5.8,11.4,71.6,,Table 2.3.4,,,,,,,,,,,,,,,,,,,,,,,,,,,,,,,,,,,,,,,,,,,,,,,,
Thailand,4668.0,18.9,11.9,22.6,46.5,,Table 2.3.4,,,,,,,,,,,,,,,,,,,,,,,,,,,,,,,,,,,,,,,,,,,,,,,,
Vietnam,1104.0,16.6,13.0,11.7,58.8,,Table 2.3.4,,,,,,,,,,,,,,,,,,,,,,,,,,,,,,,,,,,,,,,,,,,,,,,,
Others,622.0,28.1,7.9,17.5,46.5,,Table 2.3.4,,,,,,,,,,,,,,,,,,,,,,,,,,,,,,,,,,,,,,,,,,,,,,,,
Total,38474.0,18.7,9.3,14.8,57.2,,Table 2.3.4,,,,,,,,,,,,,,,,,,,,,,,,,,,,,,,,,,,,,,,,,,,,,,,,
East Asia,,,,,,,Table 2.3.4,,,,,,,,,,,,,,,,,,,,,,,,,,,,,,,,,,,,,,,,,,,,,,,,
China,3502.0,23.7,21.2,27.6,27.6,,Table 2.3.4,,,,,,,,,,,,,,,,,,,,,,,,,,,,,,,,,,,,,,,,,,,,,,,,
Japan,15358.0,26.4,12.1,27.6,33.9,,Table 2.3.4,,,,,,,,,,,,,,,,,,,,,,,,,,,,,,,,,,,,,,,,,,,,,,,,
"Korea(Republic of)",13330.0,21.8,13.4,28.8,36.1,,Table 2.3.4,,,,,,,,,,,,,,,,,,,,,,,,,,,,,,,,,,,,,,,,,,,,,,,,
Others,1572.0,43.0,22.1,46.4,88.6,,Table 2.3.4,,,,,,,,,,,,,,,,,,,,,,,,,,,,,,,,,,,,,,,,,,,,,,,,
Total,33762.0,24.1,13.5,27.9,34.5,,Table 2.3.4,,,,,,,,,,,,,,,,,,,,,,,,,,,,,,,,,,,,,,,,,,,,,,,,
Australasia,,,,,,,Table 2.3.4,,,,,,,,,,,,,,,,,,,,,,,,,,,,,,,,,,,,,,,,,,,,,,,,
Australia,33864.0,8.8,3.1,6.9,81.2,,Table 2.3.4,,,,,,,,,,,,,,,,,,,,,,,,,,,,,,,,,,,,,,,,,,,,,,,,
New Zealand,4497.0,19.2,8.8,11.4,60.7,,Table 2.3.4,,,,,,,,,,,,,,,,,,,,,,,,,,,,,,,,,,,,,,,,,,,,,,,,
Others,504.0,24.2,8.9,17.7,49.2,,Table 2.3.4,,,,,,,,,,,,,,,,,,,,,,,,,,,,,,,,,,,,,,,,,,,,,,,,
Total,38865.0,10.2,3.9,7.6,78.4,,Table 2.3.4,,,,,,,,,,,,,,,,,,,,,,,,,,,,,,,,,,,,,,,,,,,,,,,,
"Not classifiedelsewhere",7.0,14.3,14.3,42.9,28.6,,Table 2.3.4,,,,,,,,,,,,,,,,,,,,,,,,,,,,,,,,,,,,,,,,,,,,,,,,
Grand Total,1527114.0,22.2,8.8,18.4,50.6,,Table 2.3.4,,,,,,,,,,,,,,,,,,,,,,,,,,,,,,,,,,,,,,,,,,,,,,,,
,,,,,,,Table 2.6.2,,,Male,Female,Not reported,,,,,,,,,,,,,,,,,,,,,,,,,,,,,,,,,,,,,,,,,,,
,,,,,,,Table 2.6.2,2014.0,7679099.0,59,41,0.0,,,,,,,,,,,,,,,,,,,,,,,,,,,,,,,,,,,,,,,,,,,
,,,,,,,Table 2.6.2,2015.0,8027133.0,59.3,40.7,0.0,,,,,,,,,,,,,,,,,,,,,,,,,,,,,,,,,,,,,,,,,,,
,,,,,,,Table 2.6.2,2016.0,8804411.0,59.4,40.6,0.0,,,,,,,,,,,,,,,,,,,,,,,,,,,,,,,,,,,,,,,,,,,
,,,,,,,Table 2.6.2,2017.0,10035803.0,59.4,40.5,0.01*,,,,,,,,,,,,,,,,,,,,,,,,,,,,,,,,,,,,,,,,,,,
,,,,,,,Table 2.6.2,2018.0,10557976.0,58.6,41.4,0.01,,,,,,,,,,,,,,,,,,,,,,,,,,,,,,,,,,,,,,,,,,,
,,,,,,,Table 2.6.2,2019.0,10930355.0,58.9,41.1,0.0,,,,,,,,,,,,,,,,,,,,,,,,,,,,,,,,,,,,,,,,,,,
,,,,,,,Table 2.6.2,2020.0,2744766.0,57.8,42.2,0.0,,,,,,,,,,,,,,,,,,,,,,,,,,,,,,,,,,,,,,,,,,,
,,,,,,,Table 2.6.2,2021.0,1527114.0,59.7,40.3,0.0,,,,,,,,,,,,,,,,,,,,,,,,,,,,,,,,,,,,,,,,,,,
,,,,,,,Table 2.6.2,,,,,,North America,,,,,,,,,,,,,,,,,,,,,,,,,,,,,,,,,,,,,,,,,,
,,,,,,,Table 2.6.2,,,,,,Canada,80437.0,45.9,54.1,,,,,,,,,,,,,,,,,,,,,,,,,,,,,,,,,,,,,,,
,,,,,,,Table 2.6.2,,,,,,United States Of America,429860.0,46.0,54.0,,,,,,,,,,,,,,,,,,,,,,,,,,,,,,,,,,,,,,,
,,,,,,,Table 2.6.2,,,,,,Others,2.0,0.0,100.0,,,,,,,,,,,,,,,,,,,,,,,,,,,,,,,,,,,,,,,
,,,,,,,Table 2.6.2,,,,,,Total,510299.0,46.0,54.0,,,,,,,,,,,,,,,,,,,,,,,,,,,,,,,,,,,,,,,
,,,,,,,Table 2.6.2,,,,,,Central and South America,,,,,,,,,,,,,,,,,,,,,,,,,,,,,,,,,,,,,,,,,,
,,,,,,,Table 2.6.2,,,,,,Argentina,530.0,38.7,61.3,,,,,,,,,,,,,,,,,,,,,,,,,,,,,,,,,,,,,,,
,,,,,,,Table 2.6.2,,,,,,Brazil,2055.0,35.1,64.9,,,,,,,,,,,,,,,,,,,,,,,,,,,,,,,,,,,,,,,
,,,,,,,Table 2.6.2,,,,,,Mexico,859.0,43.1,56.9,,,,,,,,,,,,,,,,,,,,,,,,,,,,,,,,,,,,,,,
,,,,,,,Table 2.6.2,,,,,,Others,3354.0,39.9,60.1,,,,,,,,,,,,,,,,,,,,,,,,,,,,,,,,,,,,,,,
,,,,,,,Table 2.6.2,,,,,,Total,6798.0,38.7,61.3,,,,,,,,,,,,,,,,,,,,,,,,,,,,,,,,,,,,,,,
,,,,,,,Table 2.6.2,,,,,,Western Europe,,,,,,,,,,,,,,,,,,,,,,,,,,,,,,,,,,,,,,,,,,
,,,,,,,Table 2.6.2,,,,,,Austria,4411.0,38.5,61.5,,,,,,,,,,,,,,,,,,,,,,,,,,,,,,,,,,,,,,,
,,,,,,,Table 2.6.2,,,,,,Belgium,7382.0,37.7,62.3,,,,,,,,,,,,,,,,,,,,,,,,,,,,,,,,,,,,,,,
,,,,,,,Table 2.6.2,,,,,,Denmark,2025.0,34.8,65.2,,,,,,,,,,,,,,,,,,,,,,,,,,,,,,,,,,,,,,,
,,,,,,,Table 2.6.2,,,,,,Finland,1329.0,43.7,56.3,,,,,,,,,,,,,,,,,,,,,,,,,,,,,,,,,,,,,,,
,,,,,,,Table 2.6.2,,,,,,France,30374.0,40.5,59.5,,,,,,,,,,,,,,,,,,,,,,,,,,,,,,,,,,,,,,,
,,,,,,,Table 2.6.2,,,,,,Germany,33772.0,37.7,62.3,,,,,,,,,,,,,,,,,,,,,,,,,,,,,,,,,,,,,,,
,,,,,,,Table 2.6.2,,,,,,Greece,1144.0,19.8,80.2,,,,,,,,,,,,,,,,,,,,,,,,,,,,,,,,,,,,,,,
,,,,,,,Table 2.6.2,,,,,,Ireland,7600.0,44.3,55.7,,,,,,,,,,,,,,,,,,,,,,,,,,,,,,,,,,,,,,,
,,,,,,,Table 2.6.2,,,,,,Italy,13659.0,32.4,67.6,,,,,,,,,,,,,,,,,,,,,,,,,,,,,,,,,,,,,,,
,,,,,,,Table 2.6.2,,,,,,Netherlands,15631.0,45.8,54.2,,,,,,,,,,,,,,,,,,,,,,,,,,,,,,,,,,,,,,,
,,,,,,,Table 2.6.2,,,,,,Norway,2790.0,41.6,58.4,,,,,,,,,,,,,,,,,,,,,,,,,,,,,,,,,,,,,,,
,,,,,,,Table 2.6.2,,,,,,Portugal,32064.0,30.7,69.3,,,,,,,,,,,,,,,,,,,,,,,,,,,,,,,,,,,,,,,
,,,,,,,Table 2.6.2,,,,,,Spain,6982.0,32.0,68.0,,,,,,,,,,,,,,,,,,,,,,,,,,,,,,,,,,,,,,,
,,,,,,,Table 2.6.2,,,,,,Sweden,5579.0,39.6,60.4,,,,,,,,,,,,,,,,,,,,,,,,,,,,,,,,,,,,,,,
,,,,,,,Table 2.6.2,,,,,,Switzerland,4198.0,41.2,58.8,,,,,,,,,,,,,,,,,,,,,,,,,,,,,,,,,,,,,,,
,,,,,,,Table 2.6.2,,,,,,United Kingdom,164143.0,44.3,55.7,,,,,,,,,,,,,,,,,,,,,,,,,,,,,,,,,,,,,,,
,,,,,,,Table 2.6.2,,,,,,Others,1767.0,37.9,62.1,,,,,,,,,,,,,,,,,,,,,,,,,,,,,,,,,,,,,,,
,,,,,,,Table 2.6.2,,,,,,Total,334850.0,40.8,59.2,,,,,,,,,,,,,,,,,,,,,,,,,,,,,,,,,,,,,,,
,,,,,,,Table 2.6.2,,,,,,Eastern Europe,,,,,,,,,,,,,,,,,,,,,,,,,,,,,,,,,,,,,,,,,,
,,,,,,,Table 2.6.2,,,,,,Czech,983.0,32.0,68.0,,,,,,,,,,,,,,,,,,,,,,,,,,,,,,,,,,,,,,,
,,,,,,,Table 2.6.2,,,,,,Hungury,653.0,41.7,58.3,,,,,,,,,,,,,,,,,,,,,,,,,,,,,,,,,,,,,,,
,,,,,,,Table 2.6.2,,,,,,Kazakhstan,2378.0,56.3,43.7,,,,,,,,,,,,,,,,,,,,,,,,,,,,,,,,,,,,,,,
,,,,,,,Table 2.6.2,,,,,,Poland,2461.0,32.8,67.2,,,,,,,,,,,,,,,,,,,,,,,,,,,,,,,,,,,,,,,
,,,,,,,Table 2.6.2,,,,,,Russian Federation,17567.0,38.8,61.2,,,,,,,,,,,,,,,,,,,,,,,,,,,,,,,,,,,,,,,
,,,,,,,Table 2.6.2,,,,,,Ukraine,5197.0,31.1,68.9,,,,,,,,,,,,,,,,,,,,,,,,,,,,,,,,,,,,,,,
,,,,,,,Table 2.6.2,,,,,,Others,13875.0,44.2,55.8,,,,,,,,,,,,,,,,,,,,,,,,,,,,,,,,,,,,,,,
,,,,,,,Table 2.6.2,,,,,,Total,43114.0,40.1,59.9,,,,,,,,,,,,,,,,,,,,,,,,,,,,,,,,,,,,,,,
,,,,,,,Table 2.6.2,,,,,,Africa,,,,,,,,,,,,,,,,,,,,,,,,,,,,,,,,,,,,,,,,,,
,,,,,,,Table 2.6.2,,,,,,Egypt,1739.0,20.2,79.8,,,,,,,,,,,,,,,,,,,,,,,,,,,,,,,,,,,,,,,
,,,,,,,Table 2.6.2,,,,,,Kenya,13373.0,45.2,54.8,,,,,,,,,,,,,,,,,,,,,,,,,,,,,,,,,,,,,,,
,,,,,,,Table 2.6.2,,,,,,Mauritius,2118.0,49.3,50.7,,,,,,,,,,,,,,,,,,,,,,,,,,,,,,,,,,,,,,,
,,,,,,,Table 2.6.2,,,,,,Nigeria,5516.0,38.3,61.7,,,,,,,,,,,,,,,,,,,,,,,,,,,,,,,,,,,,,,,
,,,,,,,Table 2.6.2,,,,,,South Africa,3820.0,33.1,66.9,,,,,,,,,,,,,,,,,,,,,,,,,,,,,,,,,,,,,,,
,,,,,,,Table 2.6.2,,,,,,Sudan,6781.0,38.5,61.5,,,,,,,,,,,,,,,,,,,,,,,,,,,,,,,,,,,,,,,
,,,,,,,Table 2.6.2,,,,,,Tanzania,6480.0,45.2,54.8,,,,,,,,,,,,,,,,,,,,,,,,,,,,,,,,,,,,,,,
,,,,,,,Table 2.6.2,,,,,,Others,29087.0,43.7,56.3,,,,,,,,,,,,,,,,,,,,,,,,,,,,,,,,,,,,,,,
,,,,,,,Table 2.6.2,,,,,,Total,68914.0,42.2,57.8,,,,,,,,,,,,,,,,,,,,,,,,,,,,,,,,,,,,,,,
,,,,,,,Table 2.6.2,,,,,,West Asia,,,,,,,,,,,,,,,,,,,,,,,,,,,,,,,,,,,,,,,,,,
,,,,,,,Table 2.6.2,,,,,,Bahrain,1727.0,41.1,58.9,,,,,,,,,,,,,,,,,,,,,,,,,,,,,,,,,,,,,,,
,,,,,,,Table 2.6.2,,,,,,Iraq,16213.0,31.6,68.4,,,,,,,,,,,,,,,,,,,,,,,,,,,,,,,,,,,,,,,
,,,,,,,Table 2.6.2,,,,,,Israel,4601.0,23.5,76.5,,,,,,,,,,,,,,,,,,,,,,,,,,,,,,,,,,,,,,,
,,,,,,,Table 2.6.2,,,,,,Oman,10174.0,33.5,66.5,,,,,,,,,,,,,,,,,,,,,,,,,,,,,,,,,,,,,,,
,,,,,,,Table 2.6.2,,,,,,Saudi Arabia,1088.0,29.3,70.7,,,,,,,,,,,,,,,,,,,,,,,,,,,,,,,,,,,,,,,
,,,,,,,Table 2.6.2,,,,,,Turkey,3710.0,12.8,87.2,,,,,,,,,,,,,,,,,,,,,,,,,,,,,,,,,,,,,,,
,,,,,,,Table 2.6.2,,,,,,United Arab Emirates,3927.0,52.1,47.9,,,,,,,,,,,,,,,,,,,,,,,,,,,,,,,,,,,,,,,
,,,,,,,Table 2.6.2,,,,,,Yemen,6235,29.9,70.1,,,,,,,,,,,,,,,,,,,,,,,,,,,,,,,,,,,,,,,
,,,,,,,Table 2.6.2,,,,,,Others,4499,22.2,77.8,,,,,,,,,,,,,,,,,,,,,,,,,,,,,,,,,,,,,,,
,,,,,,,Table 2.6.2,,,,,,Total,52174,30.7,69.3,,,,,,,,,,,,,,,,,,,,,,,,,,,,,,,,,,,,,,,
,,,,,,,Table 2.6.2,,,,,,South Asia,,,,,,,,,,,,,,,,,,,,,,,,,,,,,,,,,,,,,,,,,,
,,,,,,,Table 2.6.2,,,,,,Afghanistan,36451,29.2,70.8,,,,,,,,,,,,,,,,,,,,,,,,,,,,,,,,,,,,,,,
,,,,,,,Table 2.6.2,,,,,,Bangladesh,240554,33.5,66.4,,,,,,,,,,,,,,,,,,,,,,,,,,,,,,,,,,,,,,,
,,,,,,,Table 2.6.2,,,,,,Bhutan,6081,45.7,54.3,,,,,,,,,,,,,,,,,,,,,,,,,,,,,,,,,,,,,,,
,,,,,,,Table 2.6.2,,,,,,Iran,2369,45.7,54.3,,,,,,,,,,,,,,,,,,,,,,,,,,,,,,,,,,,,,,,
,,,,,,,Table 2.6.2,,,,,,Maldives,26571,49.1,50.9,,,,,,,,,,,,,,,,,,,,,,,,,,,,,,,,,,,,,,,
,,,,,,,Table 2.6.2,,,,,,Nepal,52544,37.3,62.7,,,,,,,,,,,,,,,,,,,,,,,,,,,,,,,,,,,,,,,
,,,,,,,Table 2.6.2,,,,,,Pakistan,8163,9.8,90.2,,,,,,,,,,,,,,,,,,,,,,,,,,,,,,,,,,,,,,,
,,,,,,,Table 2.6.2,,,,,,Sri Lanka,25989,35.7,64.3,,,,,,,,,,,,,,,,,,,,,,,,,,,,,,,,,,,,,,,
,,,,,,,Table 2.6.2,,,,,,Total,398722,34.6,65.4,,,,,,,,,,,,,,,,,,,,,,,,,,,,,,,,,,,,,,,
,,,,,,,Table 2.6.2,,,,,,South East Asia,,,,,,,,,,,,,,,,,,,,,,,,,,,,,,,,,,,,,,,,,,
,,,,,,,Table 2.6.2,,,,,,Indonesia,2105,32.1,67.9,,,,,,,,,,,,,,,,,,,,,,,,,,,,,,,,,,,,,,,
,,,,,,,Table 2.6.2,,,,,,Malaysia,6628,37.6,62.4,,,,,,,,,,,,,,,,,,,,,,,,,,,,,,,,,,,,,,,
,,,,,,,Table 2.6.2,,,,,,Myanmar,3013,39.8,60.2,,,,,,,,,,,,,,,,,,,,,,,,,,,,,,,,,,,,,,,
,,,,,,,Table 2.6.2,,,,,,Phillippines,6927,30.2,69.8,,,,,,,,,,,,,,,,,,,,,,,,,,,,,,,,,,,,,,,
,,,,,,,Table 2.6.2,,,,,,Singapore,13407,45.5,54.5,,,,,,,,,,,,,,,,,,,,,,,,,,,,,,,,,,,,,,,
,,,,,,,Table 2.6.2,,,,,,Thailand,4668,59.4,40.6,,,,,,,,,,,,,,,,,,,,,,,,,,,,,,,,,,,,,,,
,,,,,,,Table 2.6.2,,,,,,Vietnam,1104,32.0,68.0,,,,,,,,,,,,,,,,,,,,,,,,,,,,,,,,,,,,,,,
,,,,,,,Table 2.6.2,,,,,,Others,622,46.9,53.1,,,,,,,,,,,,,,,,,,,,,,,,,,,,,,,,,,,,,,,
,,,,,,,Table 2.6.2,,,,,,Total,38474,41.5,58.5,,,,,,,,,,,,,,,,,,,,,,,,,,,,,,,,,,,,,,,
,,,,,,,Table 2.6.2,,,,,,East Asia,,,,,,,,,,,,,,,,,,,,,,,,,,,,,,,,,,,,,,,,,,
,,,,,,,Table 2.6.2,,,,,,China,3502,16.7,83.3,,,,,,,,,,,,,,,,,,,,,,,,,,,,,,,,,,,,,,,
,,,,,,,Table 2.6.2,,,,,,Japan,15358,29.5,70.5,,,,,,,,,,,,,,,,,,,,,,,,,,,,,,,,,,,,,,,
,,,,,,,Table 2.6.2,,,,,,Korea (Republic Of),13330,27.7,72.3,,,,,,,,,,,,,,,,,,,,,,,,,,,,,,,,,,,,,,,
,,,,,,,Table 2.6.2,,,,,,Others,1572,30.0,70.0,,,,,,,,,,,,,,,,,,,,,,,,,,,,,,,,,,,,,,,
,,,,,,,Table 2.6.2,,,,,,Total,33762,27.5,72.5,,,,,,,,,,,,,,,,,,,,,,,,,,,,,,,,,,,,,,,
,,,,,,,Table 2.6.2,,,,,,Australasia,,,,,,,,,,,,,,,,,,,,,,,,,,,,,,,,,,,,,,,,,,
,,,,,,,Table 2.6.2,,,,,,Australia,33864,41.6,58.4,,,,,,,,,,,,,,,,,,,,,,,,,,,,,,,,,,,,,,,
,,,,,,,Table 2.6.2,,,,,,New Zealand,4497,39.8,60.2,,,,,,,,,,,,,,,,,,,,,,,,,,,,,,,,,,,,,,,
,,,,,,,Table 2.6.2,,,,,,Others,504,37.5,62.5,,,,,,,,,,,,,,,,,,,,,,,,,,,,,,,,,,,,,,,
,,,,,,,Table 2.6.2,,,,,,"TotalNon-Classified Elsewhere","388657","41.328.6","58.771.4",,,,,,,,,,,,,,,,,,,,,,,,,,,,,,,,,,,,,,,
,,,,,,,Table 2.6.2,,,,,,Grand Total,1527114,40.3,59.7,,,,,,,,,,,,,,,,,,,,,,,,,,,,,,,,,,,,,,,
,,,,,,,Table 2.7.2,,,,,,North America,,,,,,,,,,,,,,,,,,,,,,,,,,,,,,,,,,,,,,,,,,
,,,,,,,Table 2.7.2,,,,,,Canada,,,,80437.0,23.1,4.3,11.1,16.5,19.6,12.9,12.6,,,,,,,,,,,,,,,,,,,,,,,,,,,,,,,
,,,,,,,Table 2.7.2,,,,,,United States Of America,,,,429860.0,19.7,6.6,7.6,13.7,26.3,16.8,9.4,,,,,,,,,,,,,,,,,,,,,,,,,,,,,,,
,,,,,,,Table 2.7.2,,,,,,Others,,,,2.0,0.0,0.0,0.0,0.0,50.0,50.0,0.0,,,,,,,,,,,,,,,,,,,,,,,,,,,,,,,
,,,,,,,Table 2.7.2,,,,,,Total,,,,510299.0,20.2,6.3,8.1,14.1,25.2,16.2,9.9,,,,,,,,,,,,,,,,,,,,,,,,,,,,,,,
,,,,,,,Table 2.7.2,,,,,,Central And South America,,,,,,,,,,,,,,,,,,,,,,,,,,,,,,,,,,,,,,,,,,
,,,,,,,Table 2.7.2,,,,,,Argentina,,,,530.0,9.8,14.9,26.6,24.9,14.0,6.8,3.0,,,,,,,,,,,,,,,,,,,,,,,,,,,,,,,
,,,,,,,Table 2.7.2,,,,,,Brazil,,,,2055.0,8.3,10.5,26.1,29.4,16.0,7.6,2.0,,,,,,,,,,,,,,,,,,,,,,,,,,,,,,,
,,,,,,,Table 2.7.2,,,,,,Mexico,,,,859.0,16.3,4.4,28.1,22.7,18.6,8.5,1.4,,,,,,,,,,,,,,,,,,,,,,,,,,,,,,,
,,,,,,,Table 2.7.2,,,,,,Others,,,,3354.0,13.3,8.2,21.9,22.5,19.1,11.5,3.4,,,,,,,,,,,,,,,,,,,,,,,,,,,,,,,
,,,,,,,Table 2.7.2,,,,,,Total,,,,6798.0,11.9,9.0,24.3,24.8,17.7,9.6,2.7,,,,,,,,,,,,,,,,,,,,,,,,,,,,,,,
,,,,,,,Table 2.7.2,,,,,,Western Europe,,,,,,,,,,,,,,,,,,,,,,,,,,,,,,,,,,,,,,,,,,
,,,,,,,Table 2.7.2,,,,,,Austria,,,,4411.0,8.1,8.3,16.0,15.3,24.3,20.8,7.3,,,,,,,,,,,,,,,,,,,,,,,,,,,,,,,
,,,,,,,Table 2.7.2,,,,,,Belgium,,,,7382.0,18.1,8.5,14.0,20.0,22.0,13.4,4.0,,,,,,,,,,,,,,,,,,,,,,,,,,,,,,,
,,,,,,,Table 2.7.2,,,,,,Denmark,,,,2025.0,11.7,5.9,13.9,19.9,26.1,17.2,5.4,,,,,,,,,,,,,,,,,,,,,,,,,,,,,,,
,,,,,,,Table 2.7.2,,,,,,Finland,,,,1329.0,18.4,4.4,15.3,25.9,20.8,12.5,2.6,,,,,,,,,,,,,,,,,,,,,,,,,,,,,,,
,,,,,,,Table 2.7.2,,,,,,France,,,,30374.0,9.3,6.1,14.0,19.7,29.9,15.2,6.0,,,,,,,,,,,,,,,,,,,,,,,,,,,,,,,
,,,,,,,Table 2.7.2,,,,,,Germany,,,,33772.0,13.6,5.6,18.3,22.0,21.1,14.6,4.8,,,,,,,,,,,,,,,,,,,,,,,,,,,,,,,
,,,,,,,Table 2.7.2,,,,,,Greece,,,,1144.0,6.6,6.2,14.0,21.5,26.2,21.5,3.9,,,,,,,,,,,,,,,,,,,,,,,,,,,,,,,
,,,,,,,Table 2.7.2,,,,,,Ireland,,,,7600.0,25.2,5.8,8.0,29.2,22.1,8.1,1.6,,,,,,,,,,,,,,,,,,,,,,,,,,,,,,,
,,,,,,,Table 2.7.2,,,,,,Italy,,,,13659.0,13.8,8.9,13.8,17.3,27.3,15.8,3.1,,,,,,,,,,,,,,,,,,,,,,,,,,,,,,,
,,,,,,,Table 2.7.2,,,,,,Netherlands,,,,15631.0,10.5,4.2,14.0,24.7,28.1,15.2,3.4,,,,,,,,,,,,,,,,,,,,,,,,,,,,,,,
,,,,,,,Table 2.7.2,,,,,,Norway,,,,2790.0,15.6,5.7,11.3,25.4,19.6,14.8,7.7,,,,,,,,,,,,,,,,,,,,,,,,,,,,,,,
,,,,,,,Table 2.7.2,,,,,,Portugal,,,,32064.0,6.2,9.8,27.0,23.2,18.9,10.5,4.4,,,,,,,,,,,,,,,,,,,,,,,,,,,,,,,
,,,,,,,Table 2.7.2,,,,,,Spain,,,,6982.0,13.0,5.5,16.7,23.6,25.6,12.5,3.1,,,,,,,,,,,,,,,,,,,,,,,,,,,,,,,
,,,,,,,Table 2.7.2,,,,,,Sweden,,,,5579.0,21.2,4.6,13.6,30.0,17.0,9.6,4.1,,,,,,,,,,,,,,,,,,,,,,,,,,,,,,,
,,,,,,,Table 2.7.2,,,,,,Switzerland,,,,4198.0,7.9,6.8,13.9,15.9,22.7,22.8,9.9,,,,,,,,,,,,,,,,,,,,,,,,,,,,,,,
,,,,,,,Table 2.7.2,,,,,,United Kingdom,,,,164143.0,18.7,5.4,9.1,25.5,22.4,11.7,7.2,,,,,,,,,,,,,,,,,,,,,,,,,,,,,,,
,,,,,,,Table 2.7.2,,,,,,Others,,,,1767.0,5.3,6.0,30.0,26.5,19.1,10.7,2.4,,,,,,,,,,,,,,,,,,,,,,,,,,,,,,,
,,,,,,,Table 2.7.2,,,,,,Total,,,,334850.0,15.2,6.1,13.3,23.7,23.1,12.8,5.9,,,,,,,,,,,,,,,,,,,,,,,,,,,,,,,
,,,,,,,Table 2.7.2,,,,,,Eastern Europe,,,,,,,,,,,,,,,,,,,,,,,,,,,,,,,,,,,,,,,,,,
,,,,,,,Table 2.7.2,,,,,,Czech,,,,983.0,8.2,5.0,26.1,28.5,24.1,7.2,0.8,,,,,,,,,,,,,,,,,,,,,,,,,,,,,,,
,,,,,,,Table 2.7.2,,,,,,Hungury,,,,653.0,6.4,8.1,26.8,26.2,21.9,8.7,1.8,,,,,,,,,,,,,,,,,,,,,,,,,,,,,,,
,,,,,,,Table 2.7.2,,,,,,Kazakhstan,,,,2378.0,15.0,7.7,25.9,27.5,13.3,8.2,2.4,,,,,,,,,,,,,,,,,,,,,,,,,,,,,,,
,,,,,,,Table 2.7.2,,,,,,Poland,,,,2461.0,5.9,7.3,31.0,27.9,16.1,9.7,2.2,,,,,,,,,,,,,,,,,,,,,,,,,,,,,,,
,,,,,,,Table 2.7.2,,,,,,Russian Federation,,,,17567.0,6.6,3.9,24.0,29.8,23.4,11.1,1.2,,,,,,,,,,,,,,,,,,,,,,,,,,,,,,,
,,,,,,,Table 2.7.2,,,,,,Ukraine,,,,5197.0,6.5,4.6,27.8,30.1,18.1,10.7,2.2,,,,,,,,,,,,,,,,,,,,,,,,,,,,,,,
,,,,,,,Table 2.7.2,,,,,,Others,,,,13875.0,4.1,10.4,30.5,25.1,18.4,9.8,1.7,,,,,,,,,,,,,,,,,,,,,,,,,,,,,,,
,,,,,,,Table 2.7.2,,,,,,Total,,,,43114.0,6.5,6.3,28.8,28.5,17.7,10.0,2.1,,,,,,,,,,,,,,,,,,,,,,,,,,,,,,,
,,,,,,,Table 2.7.2,,,,,,Africa,,,,,,,,,,,,,,,,,,,,,,,,,,,,,,,,,,,,,,,,,,
,,,,,,,Table 2.7.2,,,,,,Egypt,,,,1739.0,4.5,5.4,34.0,33.5,16.4,5.5,0.6,,,,,,,,,,,,,,,,,,,,,,,,,,,,,,,
,,,,,,,Table 2.7.2,,,,,,Kenya,,,,13373.0,7.9,8.8,18.3,21.9,21.0,14.7,7.4,,,,,,,,,,,,,,,,,,,,,,,,,,,,,,,
,,,,,,,Table 2.7.2,,,,,,Mauritius,,,,2118.0,9.7,11.2,19.9,22.7,17.1,12.0,7.3,,,,,,,,,,,,,,,,,,,,,,,,,,,,,,,
,,,,,,,Table 2.7.2,,,,,,Nigeria,,,,5516.0,4.5,27.1,25.1,22.7,11.4,7.0,2.3,,,,,,,,,,,,,,,,,,,,,,,,,,,,,,,
,,,,,,,Table 2.7.2,,,,,,South Africa,,,,3820.0,10.3,6.6,17.9,22.7,23.4,13.4,5.7,,,,,,,,,,,,,,,,,,,,,,,,,,,,,,,
,,,,,,,Table 2.7.2,,,,,,Sudan,,,,6781.0,5.3,17.5,25.6,23.2,16.3,8.9,3.3,,,,,,,,,,,,,,,,,,,,,,,,,,,,,,,
,,,,,,,Table 2.7.2,,,,,,Tanzania,,,,6480.0,5.5,24.0,17.8,16.4,16.1,12.4,7.8,,,,,,,,,,,,,,,,,,,,,,,,,,,,,,,
,,,,,,,Table 2.7.2,,,,,,Others,,,,29087.0,5.6,18.8,30.6,21.4,12.4,7.5,3.7,,,,,,,,,,,,,,,,,,,,,,,,,,,,,,,
,,,,,,,Table 2.7.2,,,,,,Total,,,,68914.0,6.3,16.6,25.1,21.7,15.6,9.9,4.8,,,,,,,,,,,,,,,,,,,,,,,,,,,,,,,
,,,,,,,Table 2.7.2,,,,,,West Asia,,,,,,,,,,,,,,,,,,,,,,,,,,,,,,,,,,,,,,,,,,
,,,,,,,Table 2.7.2,,,,,,Bahrain,,,,1727.0,13.2,8.2,16.9,13.3,14.7,20.5,13.2,,,,,,,,,,,,,,,,,,,,,,,,,,,,,,,
,,,,,,,Table 2.7.2,,,,,,Iraq,,,,16213.0,7.0,8.7,21.9,20.2,19.6,14.7,7.8,,,,,,,,,,,,,,,,,,,,,,,,,,,,,,,
,,,,,,,Table 2.7.2,,,,,,Israel,,,,4601.0,7.0,5.9,13.1,22.3,28.2,17.2,6.4,,,,,,,,,,,,,,,,,,,,,,,,,,,,,,,
,,,,,,,Table 2.7.2,,,,,,Oman,,,,10174.0,7.8,6.3,23.7,25.5,16.7,12.3,7.7,,,,,,,,,,,,,,,,,,,,,,,,,,,,,,,
,,,,,,,Table 2.7.2,,,,,,Saudi Arabia,,,,1088.0,22.6,6.8,24.9,22.7,15.7,6.1,1.2,,,,,,,,,,,,,,,,,,,,,,,,,,,,,,,
,,,,,,,Table 2.7.2,,,,,,Turkey,,,,3710.0,2.1,2.1,26.7,38.1,19.5,11.1,0.5,,,,,,,,,,,,,,,,,,,,,,,,,,,,,,,
,,,,,,,Table 2.7.2,,,,,,United Arab Emirates,,,,3927.0,10.0,8.1,17.7,19.6,15.2,17.6,11.8,,,,,,,,,,,,,,,,,,,,,,,,,,,,,,,
,,,,,,,Table 2.7.2,,,,,,Yemen,,,,6235.0,8.4,14.8,22.9,24.2,14.1,9.8,5.8,,,,,,,,,,,,,,,,,,,,,,,,,,,,,,,
,,,,,,,Table 2.7.2,,,,,,Others,,,,4499.0,4.6,14.4,29.4,23.2,14.7,10.1,3.7,,,,,,,,,,,,,,,,,,,,,,,,,,,,,,,
,,,,,,,Table 2.7.2,,,,,,Total,,,,52174.0,7.5,8.6,22.2,23.2,18.1,13.5,6.9,,,,,,,,,,,,,,,,,,,,,,,,,,,,,,,
,,,,,,,Table 2.7.2,,,,,,South Asia,,,,,,,,,,,,,,,,,,,,,,,,,,,,,,,,,,,,,,,,,,
,,,,,,,Table 2.7.2,,,,,,Afghanistan,,,,36451.0,9.4,18.9,30.8,19.8,10.3,7.2,3.6,,,,,,,,,,,,,,,,,,,,,,,,,,,,,,,
,,,,,,,Table 2.7.2,,,,,,Bangladesh,,,,240554.0,6.2,9.6,19.5,27.0,21.0,12.2,4.6,,,,,,,,,,,,,,,,,,,,,,,,,,,,,,,
,,,,,,,Table 2.7.2,,,,,,Bhutan,,,,6081.0,3.0,33.5,33.8,15.5,8.8,3.5,1.8,,,,,,,,,,,,,,,,,,,,,,,,,,,,,,,
,,,,,,,Table 2.7.2,,,,,,Iran,,,,2369.0,5.3,11.3,27.7,28.2,15.1,8.1,4.3,,,,,,,,,,,,,,,,,,,,,,,,,,,,,,,
,,,,,,,Table 2.7.2,,,,,,Maldives,,,,26571.0,11.9,7.9,21.8,22.3,17.5,12.2,6.5,,,,,,,,,,,,,,,,,,,,,,,,,,,,,,,
,,,,,,,Table 2.7.2,,,,,,Nepal,,,,52544.0,3.0,22.9,31.5,19.6,12.7,7.3,3.0,,,,,,,,,,,,,,,,,,,,,,,,,,,,,,,
,,,,,,,Table 2.7.2,,,,,,Pakistan,,,,8163.0,4.3,9.8,29.8,30.9,15.8,7.7,1.6,,,,,,,,,,,,,,,,,,,,,,,,,,,,,,,
,,,,,,,Table 2.7.2,,,,,,Sri Lanka,,,,25989.0,3.2,7.7,21.5,22.6,25.0,15.3,4.8,,,,,,,,,,,,,,,,,,,,,,,,,,,,,,,
,,,,,,,Table 2.7.2,,,,,,Total,,,,398722.0,6.1,12.3,22.9,24.6,18.6,11.1,4.3,,,,,,,,,,,,,,,,,,,,,,,,,,,,,,,
,,,,,,,Table 2.7.2,,,,,,South East Asia,,,,,,,,,,,,,,,,,,,,,,,,,,,,,,,,,,,,,,,,,,
,,,,,,,Table 2.7.2,,,,,,Indonesia,,,,2105.0,5.8,9.2,27.6,26.8,20.2,6.8,3.6,,,,,,,,,,,,,,,,,,,,,,,,,,,,,,,
,,,,,,,Table 2.7.2,,,,,,Malaysia,,,,6628.0,11.9,17.8,19.6,18.2,15.8,11.6,5.1,,,,,,,,,,,,,,,,,,,,,,,,,,,,,,,
,,,,,,,Table 2.7.2,,,,,,Myanmar,,,,3013.0,3.4,12.6,33.2,22.2,15.2,9.9,3.6,,,,,,,,,,,,,,,,,,,,,,,,,,,,,,,
,,,,,,,Table 2.7.2,,,,,,Phillippines,,,,6927.0,3.7,4.7,35.8,30.9,18.6,5.8,0.5,,,,,,,,,,,,,,,,,,,,,,,,,,,,,,,
,,,,,,,Table 2.7.2,,,,,,Singapore,,,,13407.0,13.0,9.9,10.2,17.9,30.2,14.6,4.2,,,,,,,,,,,,,,,,,,,,,,,,,,,,,,,
,,,,,,,Table 2.7.2,,,,,,Thailand,,,,4668.0,5.5,8.9,31.7,33.3,13.7,5.7,1.2,,,,,,,,,,,,,,,,,,,,,,,,,,,,,,,
,,,,,,,Table 2.7.2,,,,,,Vietnam,,,,1104.0,2.4,8.2,41.0,28.3,14.1,5.0,0.9,,,,,,,,,,,,,,,,,,,,,,,,,,,,,,,
,,,,,,,Table 2.7.2,,,,,,Others,,,,622.0,2.3,13.0,35.7,24.8,10.9,9.2,4.2,,,,,,,,,,,,,,,,,,,,,,,,,,,,,,,
,,,,,,,Table 2.7.2,,,,,,Total,,,,38474.0,8.6,10.4,23.1,23.4,21.1,10.2,3.1,,,,,,,,,,,,,,,,,,,,,,,,,,,,,,,
,,,,,,,Table 2.7.2,,,,,,East Asia,,,,,,,,,,,,,,,,,,,,,,,,,,,,,,,,,,,,,,,,,,
,,,,,,,Table 2.7.2,,,,,,China,,,,3502.0,2.2,4.5,45.8,30.4,12.8,3.4,1.0,,,,,,,,,,,,,,,,,,,,,,,,,,,,,,,
,,,,,,,Table 2.7.2,,,,,,Japan,,,,15358.0,5.0,2.7,19.9,24.4,31.4,14.9,1.8,,,,,,,,,,,,,,,,,,,,,,,,,,,,,,,
,,,,,,,Table 2.7.2,,,,,,Korea(republic Of),,,,13330.0,13.8,4.7,12.0,30.2,28.0,10.2,1.3,,,,,,,,,,,,,,,,,,,,,,,,,,,,,,,
,,,,,,,Table 2.7.2,,,,,,Others,,,,1572.0,5.1,6.2,25.1,26.7,24.6,9.9,2.4,,,,,,,,,,,,,,,,,,,,,,,,,,,,,,,
,,,,,,,Table 2.7.2,,,,,,Total,,,,33762.0,8.2,3.8,19.7,27.4,27.8,11.6,1.5,,,,,,,,,,,,,,,,,,,,,,,,,,,,,,,
,,,,,,,Table 2.7.2,,,,,,Australasia,,,,,,,,,,,,,,,,,,,,,,,,,,,,,,,,,,,,,,,,,,
,,,,,,,Table 2.7.2,,,,,,Australia,,,,33864.0,28.5,4.2,13.9,32.5,13.7,5.8,1.4,,,,,,,,,,,,,,,,,,,,,,,,,,,,,,,
,,,,,,,Table 2.7.2,,,,,,New Zealand,,,,4497.0,24.4,4.4,19.3,19.8,17.7,10.4,4.0,,,,,,,,,,,,,,,,,,,,,,,,,,,,,,,
,,,,,,,Table 2.7.2,,,,,,Others,,,,504.0,5.0,9.7,21.0,21.8,23.0,15.1,4.4,,,,,,,,,,,,,,,,,,,,,,,,,,,,,,,
,,,,,,,Table 2.7.2,,,,,,Total,,,,38865.0,27.7,4.3,14.6,30.9,14.3,6.4,1.8,,,,,,,,,,,,,,,,,,,,,,,,,,,,,,,
,,,,,,,Table 2.7.2,,,,,,Not Classified Elsewhere,,,,7.0,,,28.6,14.3,0.0,14.3,42.9,,,,,,,,,,,,,,,,,,,,,,,,,,,,,,,
,,,,,,,Table 2.7.2,,,,,,Grand Total,,,,1527114.0,13.6,8.4,15.8,21.0,21.8,13.0,6.4,,,,,,,,,,,,,,,,,,,,,,,,,,,,,,,
North America,,,,,,,Table 2.8.1,,,,,,,,,,,,,,,,,,,,,,,,,,,,,,,,,,,,,,,,,,,,,,,,
Canada,,,,,,,Table 2.8.1,,,,,,,,,,,,,,,,,,,80437.0,1.1,72.6,2.5,0.3,0.1,23.4,,,,,,,,,,,,,,,,,,,,,,,
"United Statesof America",,,,,,,Table 2.8.1,,,,,,,,,,,,,,,,,,,429860.0,3.3,60.1,7.5,0.5,0.1,28.6,,,,,,,,,,,,,,,,,,,,,,,
Others,,,,,,,Table 2.8.1,,,,,,,,,,,,,,,,,,,2.0,100.0,0.0,0.0,0.0,0.0,0.0,,,,,,,,,,,,,,,,,,,,,,,
Total,,,,,,,Table 2.8.1,,,,,,,,,,,,,,,,,,,510299.0,3.0,62.0,6.7,0.4,0.1,27.8,,,,,,,,,,,,,,,,,,,,,,,
Central and South America,,,,,,,Table 2.8.1,,,,,,,,,,,,,,,,,,,,,,,,,,,,,,,,,,,,,,,,,,,,,,,,
Argentina,,,,,,,Table 2.8.1,,,,,,,,,,,,,,,,,,,530.0,63.1,21.2,8.3,1.4,1.6,4.5,,,,,,,,,,,,,,,,,,,,,,,
Brazil,,,,,,,Table 2.8.1,,,,,,,,,,,,,,,,,,,2055.0,68.9,11.3,7.9,0.4,2.3,9.1,,,,,,,,,,,,,,,,,,,,,,,
Mexico,,,,,,,Table 2.8.1,,,,,,,,,,,,,,,,,,,859.0,47.2,26.6,15.3,0.4,2.9,7.6,,,,,,,,,,,,,,,,,,,,,,,
Others,,,,,,,Table 2.8.1,,,,,,,,,,,,,,,,,,,3354.0,30.0,31.0,12.3,3.4,2.5,20.9,,,,,,,,,,,,,,,,,,,,,,,
Total,,,,,,,Table 2.8.1,,,,,,,,,,,,,,,,,,,6798.0,46.5,23.7,11.1,1.9,2.4,14.3,,,,,,,,,,,,,,,,,,,,,,,
Western Europe,,,,,,,Table 2.8.1,,,,,,,,,,,,,,,,,,,,,,,,,,,,,,,,,,,,,,,,,,,,,,,,
Austria,,,,,,,Table 2.8.1,,,,,,,,,,,,,,,,,,,4411.0,25.5,48.1,3.8,0.7,0.4,21.4,,,,,,,,,,,,,,,,,,,,,,,
Belgium,,,,,,,Table 2.8.1,,,,,,,,,,,,,,,,,,,7382.0,14.0,49.2,3.8,0.5,0.1,32.4,,,,,,,,,,,,,,,,,,,,,,,
Denmark,,,,,,,Table 2.8.1,,,,,,,,,,,,,,,,,,,2025.0,45.6,32.1,7.0,1.4,1.4,12.5,,,,,,,,,,,,,,,,,,,,,,,
Finland,,,,,,,Table 2.8.1,,,,,,,,,,,,,,,,,,,1329.0,23.3,38.0,8.1,1.7,0.6,28.2,,,,,,,,,,,,,,,,,,,,,,,
France,,,,,,,Table 2.8.1,,,,,,,,,,,,,,,,,,,30374.0,32.2,39.8,7.9,0.6,1.2,18.4,,,,,,,,,,,,,,,,,,,,,,,
Germany,,,,,,,Table 2.8.1,,,,,,,,,,,,,,,,,,,33772.0,24.5,49.7,7.5,0.9,0.5,16.9,,,,,,,,,,,,,,,,,,,,,,,
Greece,,,,,,,Table 2.8.1,,,,,,,,,,,,,,,,,,,1144.0,61.2,15.0,6.8,0.4,0.4,16.2,,,,,,,,,,,,,,,,,,,,,,,
Ireland,,,,,,,Table 2.8.1,,,,,,,,,,,,,,,,,,,7600.0,5.5,70.7,3.5,0.5,0.1,19.6,,,,,,,,,,,,,,,,,,,,,,,
Italy,,,,,,,Table 2.8.1,,,,,,,,,,,,,,,,,,,13659.0,21.6,61.8,3.3,0.5,0.4,12.5,,,,,,,,,,,,,,,,,,,,,,,
Netherlands,,,,,,,Table 2.8.1,,,,,,,,,,,,,,,,,,,15631.0,17.6,49.7,7.9,1.2,0.2,23.4,,,,,,,,,,,,,,,,,,,,,,,
Norway,,,,,,,Table 2.8.1,,,,,,,,,,,,,,,,,,,2790.0,11.6,57.0,7.3,1.4,1.5,21.2,,,,,,,,,,,,,,,,,,,,,,,
Portugal,,,,,,,Table 2.8.1,,,,,,,,,,,,,,,,,,,32064.0,18.6,38.4,2.2,0.1,0.0,40.7,,,,,,,,,,,,,,,,,,,,,,,
Spain,,,,,,,Table 2.8.1,,,,,,,,,,,,,,,,,,,6982.0,40.3,36.6,5.7,0.4,1.1,15.9,,,,,,,,,,,,,,,,,,,,,,,
Sweden,,,,,,,Table 2.8.1,,,,,,,,,,,,,,,,,,,5579.0,13.9,49.9,6.0,1.1,0.3,28.9,,,,,,,,,,,,,,,,,,,,,,,
Switzerland,,,,,,,Table 2.8.1,,,,,,,,,,,,,,,,,,,4198.0,20.5,47.7,9.2,4.2,1.3,17.0,,,,,,,,,,,,,,,,,,,,,,,
"UnitedKingdom",,,,,,,Table 2.8.1,,,,,,,,,,,,,,,,,,,164143.0,3.6,59.2,3.3,0.4,0.1,33.4,,,,,,,,,,,,,,,,,,,,,,,
Others,,,,,,,Table 2.8.1,,,,,,,,,,,,,,,,,,,1767.0,48.3,24.8,10.1,2.5,1.4,12.9,,,,,,,,,,,,,,,,,,,,,,,
Total,,,,,,,Table 2.8.1,,,,,,,,,,,,,,,,,,,334850.0,13.1,52.9,4.4,0.6,0.3,28.7,,,,,,,,,,,,,,,,,,,,,,,
Eastern Europe,,,,,,,Table 2.8.1,,,,,,,,,,,,,,,,,,,,,,,,,,,,,,,,,,,,,,,,,,,,,,,,
Czech,,,,,,,Table 2.8.1,,,,,,,,,,,,,,,,,,,983.0,74.7,11.1,6.2,0.4,1.6,6.0,,,,,,,,,,,,,,,,,,,,,,,
Hungury,,,,,,,Table 2.8.1,,,,,,,,,,,,,,,,,,,653.0,49.6,21.9,13.9,1.5,1.0,12.2,,,,,,,,,,,,,,,,,,,,,,,
Kazakhstan,,,,,,,Table 2.8.1,,,,,,,,,,,,,,,,,,,2378.0,9.6,5.0,72.4,9.5,1.5,2.0,,,,,,,,,,,,,,,,,,,,,,,
Poland,,,,,,,Table 2.8.1,,,,,,,,,,,,,,,,,,,2461.0,61.2,16.0,10.4,0.7,0.6,11.2,,,,,,,,,,,,,,,,,,,,,,,
"RussianFederation",,,,,,,Table 2.8.1,,,,,,,,,,,,,,,,,,,17567.0,58.0,10.1,20.5,2.5,1.2,7.6,,,,,,,,,,,,,,,,,,,,,,,
Ukraine,,,,,,,Table 2.8.1,,,,,,,,,,,,,,,,,,,5197.0,44.6,11.8,13.0,4.4,0.9,25.3,,,,,,,,,,,,,,,,,,,,,,,
Others,,,,,,,Table 2.8.1,,,,,,,,,,,,,,,,,,,13875.0,34.2,7.8,5.4,45.5,2.2,4.9,,,,,,,,,,,,,,,,,,,,,,,
Total,,,,,,,Table 2.8.1,,,,,,,,,,,,,,,,,,,43114.0,45.8,9.7,16.7,17.9,1.5,8.4,,,,,,,,,,,,,,,,,,,,,,,
Africa,,,,,,,Table 2.8.1,,,,,,,,,,,,,,,,,,,,,,,,,,,,,,,,,,,,,,,,,,,,,,,,
Egypt,,,,,,,Table 2.8.1,,,,,,,,,,,,,,,,,,,1739.0,69.6,11.9,4.0,3.3,5.8,5.3,,,,,,,,,,,,,,,,,,,,,,,
Kenya,,,,,,,Table 2.8.1,,,,,,,,,,,,,,,,,,,13373.0,8.2,23.9,3.9,25.6,2.5,36.0,,,,,,,,,,,,,,,,,,,,,,,
Mauritius,,,,,,,Table 2.8.1,,,,,,,,,,,,,,,,,,,2118.0,2.4,25.3,7.2,52.5,5.0,7.6,,,,,,,,,,,,,,,,,,,,,,,
Nigeria,,,,,,,Table 2.8.1,,,,,,,,,,,,,,,,,,,5516.0,5.7,8.3,0.1,52.8,31.1,2.0,,,,,,,,,,,,,,,,,,,,,,,
South Africa,,,,,,,Table 2.8.1,,,,,,,,,,,,,,,,,,,3820.0,40.3,24.8,5.0,4.2,1.6,24.2,,,,,,,,,,,,,,,,,,,,,,,
Sudan,,,,,,,Table 2.8.1,,,,,,,,,,,,,,,,,,,6781.0,18.9,4.6,0.0,57.6,17.6,1.2,,,,,,,,,,,,,,,,,,,,,,,
Tanzania,,,,,,,Table 2.8.1,,,,,,,,,,,,,,,,,,,6480.0,8.2,15.1,2.8,33.9,23.7,16.3,,,,,,,,,,,,,,,,,,,,,,,
Others,,,,,,,Table 2.8.1,,,,,,,,,,,,,,,,,,,29087.0,12.8,8.3,1.1,46.7,20.6,10.4,,,,,,,,,,,,,,,,,,,,,,,
Total,,,,,,,Table 2.8.1,,,,,,,,,,,,,,,,,,,68914.0,13.7,13.2,2.1,40.0,16.1,14.9,,,,,,,,,,,,,,,,,,,,,,,
West Asia,,,,,,,Table 2.8.1,,,,,,,,,,,,,,,,,,,,,,,,,,,,,,,,,,,,,,,,,,,,,,,,
Bahrain,,,,,,,Table 2.8.1,,,,,,,,,,,,,,,,,,,1727.0,3.0,42.1,11.5,21.4,0.4,21.7,,,,,,,,,,,,,,,,,,,,,,,
Iraq,,,,,,,Table 2.8.1,,,,,,,,,,,,,,,,,,,16213.0,1.7,1.0,0.0,94.7,2.1,0.4,,,,,,,,,,,,,,,,,,,,,,,
Israel,,,,,,,Table 2.8.1,,,,,,,,,,,,,,,,,,,4601.0,70.5,6.1,12.6,1.4,0.3,9.1,,,,,,,,,,,,,,,,,,,,,,,
Oman,,,,,,,Table 2.8.1,,,,,,,,,,,,,,,,,,,10174.0,1.5,6.3,14.5,74.8,0.3,2.6,,,,,,,,,,,,,,,,,,,,,,,
Saudi Arabia,,,,,,,Table 2.8.1,,,,,,,,,,,,,,,,,,,1088.0,32.7,17.6,3.3,13.6,2.2,30.6,,,,,,,,,,,,,,,,,,,,,,,
Turkey,,,,,,,Table 2.8.1,,,,,,,,,,,,,,,,,,,3710.0,75.6,3.5,3.4,4.5,1.2,11.9,,,,,,,,,,,,,,,,,,,,,,,
"United ArabEmirates",,,,,,,Table 2.8.1,,,,,,,,,,,,,,,,,,,3927.0,5.1,15.7,49.8,18.9,0.5,9.9,,,,,,,,,,,,,,,,,,,,,,,
Yemen,,,,,,,Table 2.8.1,,,,,,,,,,,,,,,,,,,6235.0,6.4,5.0,0.6,74.0,10.6,3.4,,,,,,,,,,,,,,,,,,,,,,,
Others,,,,,,,Table 2.8.1,,,,,,,,,,,,,,,,,,,4499.0,37.5,13.4,10.4,11.3,16.5,10.9,,,,,,,,,,,,,,,,,,,,,,,
Total,,,,,,,Table 2.8.1,,,,,,,,,,,,,,,,,,,52174.0,14.0,6.9,9.3,61.1,3.5,5.1,,,,,,,,,,,,,,,,,,,,,,,
South Asia,,,,,,,Table 2.8.1,,,,,,,,,,,,,,,,,,,,,,,,,,,,,,,,,,,,,,,,,,,,,,,,
Afghanistan,,,,,,,Table 2.8.1,,,,,,,,,,,,,,,,,,,36451.0,21.9,13.4,0.4,53.6,9.7,0.9,,,,,,,,,,,,,,,,,,,,,,,
Bangladesh,,,,,,,Table 2.8.1,,,,,,,,,,,,,,,,,,,240554.0,9.8,5.0,3.9,77.6,1.8,2.0,,,,,,,,,,,,,,,,,,,,,,,
Bhutan,,,,,,,Table 2.8.1,,,,,,,,,,,,,,,,,,,6081.0,5.1,0.0,23.1,15.4,0.0,56.4,,,,,,,,,,,,,,,,,,,,,,,
Iran,,,,,,,Table 2.8.1,,,,,,,,,,,,,,,,,,,2369.0,33.5,10.7,10.3,1.5,23.1,20.9,,,,,,,,,,,,,,,,,,,,,,,
Maldives,,,,,,,Table 2.8.1,,,,,,,,,,,,,,,,,,,26571.0,3.1,5.8,0.1,85.8,3.9,1.2,,,,,,,,,,,,,,,,,,,,,,,
Nepal,,,,,,,Table 2.8.1,,,,,,,,,,,,,,,,,,,52544.0,1.8,9.7,71.9,0.5,1.8,14.3,,,,,,,,,,,,,,,,,,,,,,,
Pakistan,,,,,,,Table 2.8.1,,,,,,,,,,,,,,,,,,,8163.0,21.9,3.2,0.2,6.8,0.2,67.7,,,,,,,,,,,,,,,,,,,,,,,
Sri Lanka,,,,,,,Table 2.8.1,,,,,,,,,,,,,,,,,,,25989.0,46.2,13.6,16.6,3.4,8.1,12.1,,,,,,,,,,,,,,,,,,,,,,,
Total,,,,,,,Table 2.8.1,,,,,,,,,,,,,,,,,,,398722.0,14.0,6.7,4.4,68.4,3.4,3.0,,,,,,,,,,,,,,,,,,,,,,,
South East Asia,,,,,,,Table 2.8.1,,,,,,,,,,,,,,,,,,,,,,,,,,,,,,,,,,,,,,,,,,,,,,,,
Indonesia,,,,,,,Table 2.8.1,,,,,,,,,,,,,,,,,,,2105.0,34.6,22.6,6.4,3.6,7.5,25.2,,,,,,,,,,,,,,,,,,,,,,,
Malaysia,,,,,,,Table 2.8.1,,,,,,,,,,,,,,,,,,,6628.0,17.7,21.4,11.7,2.6,12.5,34.1,,,,,,,,,,,,,,,,,,,,,,,
Myanmar,,,,,,,Table 2.8.1,,,,,,,,,,,,,,,,,,,3013.0,8.0,5.9,5.2,56.7,17.2,7.0,,,,,,,,,,,,,,,,,,,,,,,
Phillippines,,,,,,,Table 2.8.1,,,,,,,,,,,,,,,,,,,6927.0,18.5,18.4,11.8,4.6,0.2,46.4,,,,,,,,,,,,,,,,,,,,,,,
Singapore,,,,,,,Table 2.8.1,,,,,,,,,,,,,,,,,,,13407.0,2.4,37.2,6.3,0.1,0.1,53.7,,,,,,,,,,,,,,,,,,,,,,,
Thailand,,,,,,,Table 2.8.1,,,,,,,,,,,,,,,,,,,4668.0,57.3,14.0,6.5,0.1,4.1,17.9,,,,,,,,,,,,,,,,,,,,,,,
Vietnam,,,,,,,Table 2.8.1,,,,,,,,,,,,,,,,,,,1104.0,26.9,7.8,14.6,0.3,21.0,29.4,,,,,,,,,,,,,,,,,,,,,,,
Others,,,,,,,Table 2.8.1,,,,,,,,,,,,,,,,,,,622.0,2.3,1.1,1.3,85.2,5.7,4.3,,,,,,,,,,,,,,,,,,,,,,,
Total,,,,,,,Table 2.8.1,,,,,,,,,,,,,,,,,,,38474.0,16.6,24.3,8.0,8.1,5.3,37.7,,,,,,,,,,,,,,,,,,,,,,,
East Asia,,,,,,,Table 2.8.1,,,,,,,,,,,,,,,,,,,,,,,,,,,,,,,,,,,,,,,,,,,,,,,,
China,,,,,,,Table 2.8.1,,,,,,,,,,,,,,,,,,,3502.0,73.3,15.6,0.5,0.1,0.7,9.7,,,,,,,,,,,,,,,,,,,,,,,
Japan,,,,,,,Table 2.8.1,,,,,,,,,,,,,,,,,,,15358.0,91.4,3.1,1.7,0.1,0.3,3.4,,,,,,,,,,,,,,,,,,,,,,,
"Korea(Republic of)",,,,,,,Table 2.8.1,,,,,,,,,,,,,,,,,,,13330.0,92.7,1.7,1.2,0.0,2.9,1.5,,,,,,,,,,,,,,,,,,,,,,,
Others,,,,,,,Table 2.8.1,,,,,,,,,,,,,,,,,,,1572.0,50.9,20.2,7.7,9.1,0.0,8.7,,,,,,,,,,,,,,,,,,,,,,,
Total,,,,,,,Table 2.8.1,,,,,,,,,,,,,,,,,,,33762.0,88.1,4.7,1.6,0.4,1.9,3.3,,,,,,,,,,,,,,,,,,,,,,,
Australasia,,,,,,,Table 2.8.1,,,,,,,,,,,,,,,,,,,,,,,,,,,,,,,,,,,,,,,,,,,,,,,,
Australia,,,,,,,Table 2.8.1,,,,,,,,,,,,,,,,,,,33864.0,2.8,65.4,8.9,0.3,0.0,22.6,,,,,,,,,,,,,,,,,,,,,,,
New Zealand,,,,,,,Table 2.8.1,,,,,,,,,,,,,,,,,,,4497.0,4.9,62.3,5.1,0.2,0.3,27.2,,,,,,,,,,,,,,,,,,,,,,,
Others,,,,,,,Table 2.8.1,,,,,,,,,,,,,,,,,,,504.0,6.3,33.0,2.3,50.9,2.7,4.8,,,,,,,,,,,,,,,,,,,,,,,
Total,,,,,,,Table 2.8.1,,,,,,,,,,,,,,,,,,,38865.0,3.1,64.6,8.3,0.9,0.1,22.9,,,,,,,,,,,,,,,,,,,,,,,
"Not classifiedelsewhere",,,,,,,Table 2.8.1,,,,,,,,,,,,,,,,,,,7.0,,0.0,0.0,0.0,0.0,0.0,100.0,,,,,,,,,,,,,,,,,,,,,,
Grand Total,,,,,,,Table 2.8.1,,,,,,,,,,,,,,,,,,,1527114.0,,39.2,5.8,21.2,2.0,19.7,12.1,,,,,,,,,,,,,,,,,,,,,,
,,,,,,,Table 2.8.1,,,,,,,,,,,,,,,,,,,,,,,,,,,Business and Professional,"Business, Conference, Employment and Official",,,,,,,,,,,,,,,,,,,,
,,,,,,,Table 2.8.1,,,,,,,,,,,,,,,,,,,,,,,,,,,Leisure Holiday and Recreation,Pilgrimage and Tourist,,,,,,,,,,,,,,,,,,,,
,,,,,,,Table 2.8.1,,,,,,,,,,,,,,,,,,,,,,,,,,,Medical,"Medical, Medical Attendant and Medical X",,,,,,,,,,,,,,,,,,,,
,,,,,,,Table 2.8.1,,,,,,,,,,,,,,,,,,,,,,,,,,,Indian Diaspora,"OCI, PIO, Entry and Universal",,,,,,,,,,,,,,,,,,,,
,,,,,,,Table 2.8.1,,,,,,,,,,,,,,,,,,,,,,,,,,,Others,"Art Surrogacy, Diplomatic, Journalist, Long Term,Meeting Friends Relatives, Missionary, Mountaineering,Research, SAARC, Sports, Student, Transfer of visa,Transit, UN, Visit/ Visitor and Others/ Miscellaneous",,,,,,,,,,,,,,,,,,,,
,,,,,,,Table 2.8.1,,,,,,North America,,,,,,,,,,,,,,,,,,,,,,,,,,,,,,,,,,,,,,,,,,
,,,,,,,Table 2.8.1,,,,,,Canada,,,,,,,,,,,,,,,,,,,,,,,,80437.0,52.32,,,,,,,,,,,,,,,,,
,,,,,,,Table 2.8.1,,,,,,United States of America,,,,,,,,,,,,,,,,,,,,,,,,429860.0,32.48,,,,,,,,,,,,,,,,,
,,,,,,,Table 2.8.1,,,,,,Others,,,,,,,,,,,,,,,,,,,,,,,,2.0,64.0,,,,,,,,,,,,,,,,,
,,,,,,,Table 2.8.1,,,,,,Total,,,,,,,,,,,,,,,,,,,,,,,,510299.0,35.0,,,,,,,,,,,,,,,,,
,,,,,,,Table 2.9.2,,,,,,Total,,,,,,,,,,,,,,,,,,,,,,,,38474.0,36.0,,,,,,,,,,,,,,,,,
,,,,,,,Table 2.9.2,,,,,,East Asia,,,,,,,,,,,,,,,,,,,,,,,,,,,,,,,,,,,,,,,,,,
,,,,,,,Table 2.9.2,,,,,,China,,,,,,,,,,,,,,,,,,,,,,,,3502.0,98.15,,,,,,,,,,,,,,,,,
,,,,,,,Table 2.9.2,,,,,,Japan,,,,,,,,,,,,,,,,,,,,,,,,15358.0,53.79,,,,,,,,,,,,,,,,,
,,,,,,,Table 2.9.2,,,,,,Korea (Republic Of),,,,,,,,,,,,,,,,,,,,,,,,13330.0,68.03,,,,,,,,,,,,,,,,,
,,,,,,,Table 2.9.2,,,,,,Others,,,,,,,,,,,,,,,,,,,,,,,,1572.0,134.01,,,,,,,,,,,,,,,,,
,,,,,,,Table 2.9.2,,,,,,Total,,,,,,,,,,,,,,,,,,,,,,,,33762.0,63.0,,,,,,,,,,,,,,,,,
,,,,,,,Table 2.9.2,,,,,,Australasia,,,,,,,,,,,,,,,,,,,,,,,,,,,,,,,,,,,,,,,,,,
,,,,,,,Table 2.9.2,,,,,,Australia,,,,,,,,,,,,,,,,,,,,,,,,33864.0,47.23,,,,,,,,,,,,,,,,,
,,,,,,,Table 2.9.2,,,,,,New Zealand,,,,,,,,,,,,,,,,,,,,,,,,4497.0,60.16,,,,,,,,,,,,,,,,,
,,,,,,,Table 2.9.2,,,,,,Others,,,,,,,,,,,,,,,,,,,,,,,,504.0,53.25,,,,,,,,,,,,,,,,,
,,,,,,,Table 2.9.2,,,,,,Total,,,,,,,,,,,,,,,,,,,,,,,,38865.0,49.0,,,,,,,,,,,,,,,,,
,,,,,,,Table 2.9.2,,,,,,Not classified elsewhere,,,,,,,,,,,,,,,,,,,,,,,,7.0,4.0,,,,,,,,,,,,,,,,,
,,,,,,,Table 2.9.2,,,,,,Grand Total,,,,,,,,,,,,,,,,,,,,,,,,1527114.0,32.12,,,,,,,,,,,,,,,,,
,,,,,,,Table 2.9.2,,,,,,North America,,,,,,,,,,,,,,,,,,,,,,,,,,,,,,,,,,,,,,,,,,
,,,,,,,Table 2.9.2,,,,,,Canada,,,,,,,,,,,,,,,,,,,,,,,,,,80437.0,2.3,5.4,1.8,6.5,22.4,40.8,20.8,,,,,,,,,
,,,,,,,Table 2.9.2,,,,,,United States Of America,,,,,,,,,,,,,,,,,,,,,,,,,,429860.0,2.9,3.1,3.9,16.2,34.1,27.8,12.0,,,,,,,,,
,,,,,,,Table 2.9.2,,,,,,Others,,,,,,,,,,,,,,,,,,,,,,,,,,2.0,0.0,0.0,0.0,0.0,0.0,50.0,50.0,,,,,,,,,
,,,,,,,Table 2.9.2,,,,,,Total,,,,,,,,,,,,,,,,,,,,,,,,,,510299.0,2.8,3.5,3.6,14.6,32.3,29.9,13.4,,,,,,,,,
,,,,,,,Table 2.9.2,,,,,,Central And South America,,,,,,,,,,,,,,,,,,,,,,,,,,,,,,,,,,,,,,,,,,
,,,,,,,Table 2.9.2,,,,,,Argentina,,,,,,,,,,,,,,,,,,,,,,,,,,530.0,7.2,3.0,7.0,7.4,17.2,34.2,24.2,,,,,,,,,
,,,,,,,Table 2.9.2,,,,,,Brazil,,,,,,,,,,,,,,,,,,,,,,,,,,2055.0,13.0,5.4,6.9,9.9,11.8,36.3,16.6,,,,,,,,,
,,,,,,,Table 2.9.2,,,,,,Mexico,,,,,,,,,,,,,,,,,,,,,,,,,,859.0,7.9,2.7,6.3,9.3,19.2,40.7,13.9,,,,,,,,,
,,,,,,,Table 2.9.2,,,,,,Others,,,,,,,,,,,,,,,,,,,,,,,,,,3354.0,10.4,4.8,5.9,10.0,16.0,31.0,21.8,,,,,,,,,
,,,,,,,Table 2.9.2,,,,,,Total,,,,,,,,,,,,,,,,,,,,,,,,,,6798.0,10.6,4.6,6.3,9.7,15.2,34.1,19.4,,,,,,,,,
,,,,,,,Table 2.9.2,,,,,,Western Europe,,,,,,,,,,,,,,,,,,,,,,,,,,,,,,,,,,,,,,,,,,
,,,,,,,Table 2.9.2,,,,,,Austria,,,,,,,,,,,,,,,,,,,,,,,,,,4411.0,7.8,5.9,6.1,13.9,31.7,26.9,7.8,,,,,,,,,
,,,,,,,Table 2.9.2,,,,,,Belgium,,,,,,,,,,,,,,,,,,,,,,,,,,7382.0,4.2,5.9,6.2,13.7,30.7,31.1,8.3,,,,,,,,,
,,,,,,,Table 2.9.2,,,,,,Denmark,,,,,,,,,,,,,,,,,,,,,,,,,,2025.0,5.0,7.5,10.7,14.3,27.7,27.2,7.6,,,,,,,,,
,,,,,,,Table 2.9.2,,,,,,Finland,,,,,,,,,,,,,,,,,,,,,,,,,,1329.0,3.6,4.4,7.8,11.8,29.3,33.0,10.0,,,,,,,,,
,,,,,,,Table 2.9.2,,,,,,France,,,,,,,,,,,,,,,,,,,,,,,,,,30374.0,3.7,22.1,7.4,9.7,20.6,27.1,9.4,,,,,,,,,
,,,,,,,Table 2.9.2,,,,,,Germany,,,,,,,,,,,,,,,,,,,,,,,,,,33772.0,12.4,15.9,5.0,11.2,25.3,23.2,7.0,,,,,,,,,
,,,,,,,Table 2.9.2,,,,,,Greece,,,,,,,,,,,,,,,,,,,,,,,,,,1144.0,23.5,19.1,12.0,7.3,12.4,18.9,6.8,,,,,,,,,
,,,,,,,Table 2.9.2,,,,,,Ireland,,,,,,,,,,,,,,,,,,,,,,,,,,7600.0,4.5,3.2,2.7,9.6,38.9,34.4,6.7,,,,,,,,,
,,,,,,,Table 2.9.2,,,,,,Italy,,,,,,,,,,,,,,,,,,,,,,,,,,13659.0,5.8,3.4,3.4,10.0,28.8,38.2,10.5,,,,,,,,,
,,,,,,,Table 2.9.2,,,,,,Netherlands,,,,,,,,,,,,,,,,,,,,,,,,,,15631.0,12.9,27.2,4.7,8.0,22.7,19.2,5.3,,,,,,,,,
,,,,,,,Table 2.9.2,,,,,,Norway,,,,,,,,,,,,,,,,,,,,,,,,,,2790.0,2.1,3.8,4.5,14.6,34.2,31.0,10.0,,,,,,,,,
,,,,,,,Table 2.9.2,,,,,,Portugal,,,,,,,,,,,,,,,,,,,,,,,,,,32064.0,6.5,5.9,5.3,7.1,26.4,37.3,11.5,,,,,,,,,
,,,,,,,Table 2.9.2,,,,,,Spain,,,,,,,,,,,,,,,,,,,,,,,,,,6982.0,7.4,6.7,8.8,11.7,19.8,35.9,9.7,,,,,,,,,
,,,,,,,Table 2.9.2,,,,,,Sweden,,,,,,,,,,,,,,,,,,,,,,,,,,5579.0,1.9,2.0,4.7,9.1,30.9,42.1,9.4,,,,,,,,,
,,,,,,,Table 2.9.2,,,,,,Switzerland,,,,,,,,,,,,,,,,,,,,,,,,,,4198.0,11.4,3.1,7.2,17.3,30.3,21.7,9.0,,,,,,,,,
,,,,,,,Table 2.9.2,,,,,,United Kingdom,,,,,,,,,,,,,,,,,,,,,,,,,,164143.0,5.3,4.8,3.6,14.7,36.8,26.5,8.3,,,,,,,,,
,,,,,,,Table 2.9.2,,,,,,Others,,,,,,,,,,,,,,,,,,,,,,,,,,1767.0,19.8,8.2,9.0,12.6,18.6,22.1,9.7,,,,,,,,,
,,,,,,,Table 2.9.2,,,,,,Total,,,,,,,,,,,,,,,,,,,,,,,,,,334850.0,6.5,8.6,4.7,12.3,31.2,28.1,8.6,,,,,,,,,
,,,,,,,Table 2.9.2,,,,,,Eastern Europe,,,,,,,,,,,,,,,,,,,,,,,,,,,,,,,,,,,,,,,,,,
,,,,,,,Table 2.9.2,,,,,,Czech,,,,,,,,,,,,,,,,,,,,,,,,,,983.0,8.3,4.4,9.4,11.1,20.7,37.8,8.3,,,,,,,,,
,,,,,,,Table 2.9.2,,,,,,Hungury,,,,,,,,,,,,,,,,,,,,,,,,,,653.0,10.4,6.7,9.0,15.3,22.4,24.7,11.5,,,,,,,,,
,,,,,,,Table 2.9.2,,,,,,Kazakhstan,,,,,,,,,,,,,,,,,,,,,,,,,,2378.0,1.5,3.2,38.9,27.7,13.8,6.7,8.2,,,,,,,,,
,,,,,,,Table 2.9.2,,,,,,Poland,,,,,,,,,,,,,,,,,,,,,,,,,,2461.0,11.7,18.8,13.1,11.3,16.1,21.0,8.0,,,,,,,,,
,,,,,,,Table 2.9.2,,,,,,Russian Federation,,,,,,,,,,,,,,,,,,,,,,,,,,17567.0,13.9,6.6,9.9,14.7,17.2,17.9,19.7,,,,,,,,,
,,,,,,,Table 2.9.2,,,,,,Ukraine,,,,,,,,,,,,,,,,,,,,,,,,,,5197.0,16.3,22.0,11.7,8.1,11.3,14.0,16.5,,,,,,,,,
,,,,,,,Table 2.9.2,,,,,,Others,,,,,,,,,,,,,,,,,,,,,,,,,,13875.0,8.4,10.8,18.1,16.2,16.2,21.2,9.2,,,,,,,,,
,,,,,,,Table 2.9.2,,,,,,Total,,,,,,,,,,,,,,,,,,,,,,,,,,43114.0,11.4,10.2,14.5,14.8,16.1,18.6,14.3,,,,,,,,,
,,,,,,,Table 2.9.2,,,,,,Africa,,,,,,,,,,,,,,,,,,,,,,,,,,,,,,,,,,,,,,,,,,
,,,,,,,Table 2.9.2,,,,,,Egypt,,,,,,,,,,,,,,,,,,,,,,,,,,1739.0,24.5,9.9,16.8,12.1,7.4,19.1,10.2,,,,,,,,,
,,,,,,,Table 2.9.2,,,,,,Kenya,,,,,,,,,,,,,,,,,,,,,,,,,,13373.0,4.4,5.9,9.9,12.2,25.0,32.0,10.6,,,,,,,,,
,,,,,,,Table 2.9.2,,,,,,Mauritius,,,,,,,,,,,,,,,,,,,,,,,,,,2118.0,1.5,0.6,4.8,11.6,30.2,36.2,15.1,,,,,,,,,
,,,,,,,Table 2.9.2,,,,,,Nigeria,,,,,,,,,,,,,,,,,,,,,,,,,,5516.0,0.6,0.7,2.8,6.5,15.6,20.4,53.4,,,,,,,,,
,,,,,,,Table 2.9.2,,,,,,South Africa,,,,,,,,,,,,,,,,,,,,,,,,,,3820.0,8.5,3.8,6.0,12.7,19.9,34.5,14.6,,,,,,,,,
,,,,,,,Table 2.9.2,,,,,,Sudan,,,,,,,,,,,,,,,,,,,,,,,,,,6781.0,1.9,5.2,16.1,11.1,12.9,29.8,22.9,,,,,,,,,
,,,,,,,Table 2.9.2,,,,,,Tanzania,,,,,,,,,,,,,,,,,,,,,,,,,,6480.0,0.5,1.5,8.8,14.2,22.2,27.3,25.5,,,,,,,,,
,,,,,,,Table 2.9.2,,,,,,Others,,,,,,,,,,,,,,,,,,,,,,,,,,29087.0,14.1,3.4,3.5,7.0,14.1,29.6,28.3,,,,,,,,,
,,,,,,,Table 2.9.2,,,,,,Total,,,,,,,,,,,,,,,,,,,,,,,,,,68914.0,8.2,3.8,6.9,9.6,17.6,29.4,24.5,,,,,,,,,
,,,,,,,Table 2.9.2,,,,,,West Asia,,,,,,,,,,,,,,,,,,,,,,,,,,,,,,,,,,,,,,,,,,
,,,,,,,Table 2.9.2,,,,,,Bahrain,,,,,,,,,,,,,,,,,,,,,,,,,,1727.0,3.4,1.7,7.7,11.9,23.6,40.4,11.5,,,,,,,,,
,,,,,,,Table 2.9.2,,,,,,Iraq,,,,,,,,,,,,,,,,,,,,,,,,,,16213.0,0.2,0.7,8.1,24.9,40.3,22.3,3.6,,,,,,,,,
,,,,,,,Table 2.9.2,,,,,,Israel,,,,,,,,,,,,,,,,,,,,,,,,,,4601.0,10.3,9.4,24.6,17.6,15.3,15.1,7.7,,,,,,,,,
,,,,,,,Table 2.9.2,,,,,,Oman,,,,,,,,,,,,,,,,,,,,,,,,,,10174.0,2.3,2.6,24.0,31.7,21.9,15.0,2.5,,,,,,,,,
,,,,,,,Table 2.9.2,,,,,,Saudi Arabia,,,,,,,,,,,,,,,,,,,,,,,,,,1088.0,12.8,8.4,3.7,6.2,12.5,36.9,19.7,,,,,,,,,
,,,,,,,Table 2.9.2,,,,,,Turkey,,,,,,,,,,,,,,,,,,,,,,,,,,3710.0,18.4,35.5,11.8,6.7,6.9,13.8,7.0,,,,,,,,,
,,,,,,,Table 2.9.2,,,,,,United Arab Emirates,,,,,,,,,,,,,,,,,,,,,,,,,,3927.0,6.6,7.4,21.0,21.4,26.1,13.9,3.7,,,,,,,,,
,,,,,,,Table 2.9.2,,,,,,Yemen,,,,,,,,,,,,,,,,,,,,,,,,,,6235.0,0.4,0.7,1.3,4.6,14.2,52.5,26.3,,,,,,,,,
,,,,,,,Table 2.9.2,,,,,,Others,,,,,,,,,,,,,,,,,,,,,,,,,,4499.0,17.7,8.2,12.0,11.9,13.0,18.0,19.1,,,,,,,,,
,,,,,,,Table 2.9.2,,,,,,Total,,,,,,,,,,,,,,,,,,,,,,,,,,52174.0,5.2,5.6,13.3,19.7,24.5,23.1,8.6,,,,,,,,,
,,,,,,,Table 2.9.2,,,,,,South Asia,,,,,,,,,,,,,,,,,,,,,,,,,,,,,,,,,,,,,,,,,,
,,,,,,,Table 2.9.2,,,,,,Afghanistan,,,,,,,,,,,,,,,,,,,,,,,,,,36451.0,3.6,14.5,14.7,20.1,18.3,17.4,11.3,,,,,,,,,
,,,,,,,Table 2.9.2,,,,,,Bangladesh,,,,,,,,,,,,,,,,,,,,,,,,,,240554.0,1.9,6.5,17.4,22.9,23.6,21.3,6.3,,,,,,,,,
,,,,,,,Table 2.9.2,,,,,,Bhutan,,,,,,,,,,,,,,,,,,,,,,,,,,6081.0,27.9,4.4,4.7,4.4,5.0,17.4,36.3,,,,,,,,,
,,,,,,,Table 2.9.2,,,,,,Iran,,,,,,,,,,,,,,,,,,,,,,,,,,2369.0,1.9,3.5,11.2,10.0,12.6,29.5,31.2,,,,,,,,,
,,,,,,,Table 2.9.2,,,,,,Maldives,,,,,,,,,,,,,,,,,,,,,,,,,,26571.0,1.0,1.6,12.2,35.1,31.1,15.8,3.3,,,,,,,,,
,,,,,,,Table 2.9.2,,,,,,Nepal,,,,,,,,,,,,,,,,,,,,,,,,,,52544.0,16.7,5.6,13.2,9.8,5.3,10.4,39.1,,,,,,,,,
,,,,,,,Table 2.9.2,,,,,,Pakistan,,,,,,,,,,,,,,,,,,,,,,,,,,8163.0,0.2,0.1,1.1,1.3,2.0,5.8,89.4,,,,,,,,,
,,,,,,,Table 2.9.2,,,,,,Sri Lanka,,,,,,,,,,,,,,,,,,,,,,,,,,25989.0,26.0,17.1,12.5,9.5,9.3,13.6,11.9,,,,,,,,,
,,,,,,,Table 2.9.2,,,,,,Total,,,,,,,,,,,,,,,,,,,,,,,,,,398722.0,5.9,7.3,15.4,20.1,19.5,18.3,13.6,,,,,,,,,
,,,,,,,Table 2.9.2,,,,,,South East Asia,,,,,,,,,,,,,,,,,,,,,,,,,,,,,,,,,,,,,,,,,,
,,,,,,,Table 2.9.2,,,,,,Indonesia,,,,,,,,,,,,,,,,,,,,,,,,,,2105.0,12.7,19.1,10.4,7.8,11.3,19.4,19.3,,,,,,,,,
,,,,,,,Table 2.9.2,,,,,,Malaysia,,,,,,,,,,,,,,,,,,,,,,,,,,6628.0,12.6,5.1,6.5,8.7,13.7,19.7,33.6,,,,,,,,,
,,,,,,,Table 2.9.2,,,,,,Myanmar,,,,,,,,,,,,,,,,,,,,,,,,,,3013.0,1.8,1.7,4.4,4.2,14.1,42.3,31.3,,,,,,,,,
,,,,,,,Table 2.9.2,,,,,,Phillippines,,,,,,,,,,,,,,,,,,,,,,,,,,6927.0,23.5,22.6,13.8,8.9,8.5,10.2,12.5,,,,,,,,,
,,,,,,,Table 2.9.2,,,,,,Singapore,,,,,,,,,,,,,,,,,,,,,,,,,,13407.0,8.1,1.7,4.8,15.5,32.8,27.3,9.8,,,,,,,,,
,,,,,,,Table 2.9.2,,,,,,Thailand,,,,,,,,,,,,,,,,,,,,,,,,,,4668.0,12.7,4.0,2.8,4.9,7.2,32.8,35.5,,,,,,,,,
,,,,,,,Table 2.9.2,,,,,,Vietnam,,,,,,,,,,,,,,,,,,,,,,,,,,1104.0,19.8,13.9,14.8,6.6,3.9,11.3,29.6,,,,,,,,,
,,,,,,,Table 2.9.2,,,,,,Others,,,,,,,,,,,,,,,,,,,,,,,,,,622.0,1.3,0.2,0.3,3.9,7.1,55.1,32.2,,,,,,,,,
,,,,,,,Table 2.9.2,,,,,,Total,,,,,,,,,,,,,,,,,,,,,,,,,,38474.0,12.2,7.6,7.0,10.1,18.2,24.3,20.6,,,,,,,,,
,,,,,,,Table 2.9.2,,,,,,East Asia,,,,,,,,,,,,,,,,,,,,,,,,,,,,,,,,,,,,,,,,,,
,,,,,,,Table 2.9.2,,,,,,China,,,,,,,,,,,,,,,,,,,,,,,,,,3502.0,6.6,2.2,0.4,1.2,4.9,24.8,59.8,,,,,,,,,
,,,,,,,Table 2.9.2,,,,,,Japan,,,,,,,,,,,,,,,,,,,,,,,,,,15358.0,17.9,8.3,1.7,4.2,9.0,38.0,20.9,,,,,,,,,
,,,,,,,Table 2.9.2,,,,,,Korea (Republic Of),,,,,,,,,,,,,,,,,,,,,,,,,,13330.0,4.6,0.9,3.2,6.0,10.4,40.5,34.3,,,,,,,,,
,,,,,,,Table 2.9.2,,,,,,Others,,,,,,,,,,,,,,,,,,,,,,,,,,1572.0,4.3,0.3,4.6,2.7,11.7,44.5,31.7,,,,,,,,,
,,,,,,,Table 2.9.2,,,,,,Total,,,,,,,,,,,,,,,,,,,,,,,,,,33762.0,10.9,4.4,2.3,4.5,9.3,37.9,30.7,,,,,,,,,
,,,,,,,Table 2.9.2,,,,,,Australasia,,,,,,,,,,,,,,,,,,,,,,,,,,,,,,,,,,,,,,,,,,
,,,,,,,Table 2.9.2,,,,,,Australia,,,,,,,,,,,,,,,,,,,,,,,,,,33864.0,2.0,1.2,1.7,5.5,20.8,47.1,21.7,,,,,,,,,
,,,,,,,Table 2.9.2,,,,,,New Zealand,,,,,,,,,,,,,,,,,,,,,,,,,,4497.0,3.3,0.9,1.9,4.6,14.2,40.2,34.9,,,,,,,,,
,,,,,,,Table 2.9.2,,,,,,Others,,,,,,,,,,,,,,,,,,,,,,,,,,504.0,4.0,2.4,5.0,5.6,17.1,37.3,28.8,,,,,,,,,
,,,,,,,Table 2.9.2,,,,,,Total,,,,,,,,,,,,,,,,,,,,,,,,,,38865.0,2.1,1.2,1.7,5.4,20.0,46.2,23.4,,,,,,,,,
,,,,,,,Table 2.9.2,,,,,,Not classified elsewhere,,,,,,,,,,,,,,,,,,,,,,,,,,7.0,0.0,0.0,14.3,0.0,0.0,0.0,85.7,,,,,,,,,
,,,,,,,Table 2.9.2,,,,,,Grand Total,,,,,,,,,,,,,,,,,,,,,,,,,,1527114.0,5.4,5.9,7.7,14.9,26.1,26.4,13.6,,,,,,,,,
,,,,,,,Table 2.9.2,,,,,,,,,,,,,,,,,,,,,,,,,,,,,,,,,,,,,,,,,1.0,Bangladesh,549273.0,20.0,1.0,United States of America,429860.0,28.1
,,,,,,,Table 2.9.2,,,,,,,,,,,,,,,,,,,,,,,,,,,,,,,,,,,,,,,,,2.0,United States of America,394092.0,14.4,2.0,Bangladesh,240554.0,15.8
,,,,,,,Table 2.9.2,,,,,,,,,,,,,,,,,,,,,,,,,,,,,,,,,,,,,,,,,3.0,United Kingdom,291874.0,10.6,3.0,United Kingdom,164143.0,10.7
,,,,,,,Table 2.9.2,,,,,,,,,,,,,,,,,,,,,,,,,,,,,,,,,,,,,,,,,4.0,Canada,122868.0,4.5,4.0,Canada,80437.0,5.3
,,,,,,,Table 2.9.2,,,,,,,,,,,,,,,,,,,,,,,,,,,,,,,,,,,,,,,,,5.0,Russian Federation,102166.0,3.7,5.0,Nepal,52544.0,3.4
,,,,,,,Table 2.9.2,,,,,,,,,,,,,,,,,,,,,,,,,,,,,,,,,,,,,,,,,6.0,Australia,86758.0,3.2,6.0,Afghanistan,36451.0,2.4
,,,,,,,Table 2.9.2,,,,,,,,,,,,,,,,,,,,,,,,,,,,,,,,,,,,,,,,,7.0,France,74243.0,2.7,7.0,Australia,33864.0,2.2
,,,,,,,Table 2.9.2,,,,,,,,,,,,,,,,,,,,,,,,,,,,,,,,,,,,,,,,,8.0,Germany,72558.0,2.6,8.0,Germany,33772.0,2.2
,,,,,,,Table 2.9.2,,,,,,,,,,,,,,,,,,,,,,,,,,,,,,,,,,,,,,,,,9.0,Malaysia,69897.0,2.5,9.0,Portugal,32064.0,2.1
,,,,,,,Table 2.9.2,,,,,,,,,,,,,,,,,,,,,,,,,,,,,,,,,,,,,,,,,10.0,Sri Lanka,68646.0,2.5,10.0,France,30374.0,2.0
